LoanID,Original_Appraisal_Amount,Original_Amount,Original_Term,Remaining_Term,Amor_Term,CITY,STATE,ZIP,FICO,Current_Principal_Balance,Current_Interest_Rate,Current_FICO_Score,Current_Default_Rate,Current_Prepayment_Rate,Recovery
500012,125000,100000,120,120,120,Tinton Falls,NY,10035,620,100000,0.04,551,0.09,0.02,0.95
500013,68000,57800,360,304,360,Dayton,OH,45408,,55704.61,0.092,725,0.005,0,1
500014,442000,402812,360,339,360,Alhambra,CA,91801,,392549.98,0.05,762,0.005,0,1
500015,105000,78500,360,305,360,Cincinnati,OH,45215,,75551.26,0.088,546,0.019,0.02,0.97
500016,183500,50000,360,308,540,Saint Charles,MO,63303,570,49380.02,0.0775,590,0.042,0.05,0.87
500017,166380,133100,360,308,360,Springtown,TX,76082,,126919.61,0.0725,494,0.032,0.12,0.82
500018,620000,434000,360,291,360,Los Angeles (Winnetka Are,CA,91306,,397676.69,0.0575,605,0.08,0.03,0.95
500019,138000,110400,360,325,540,Waterford,MI,48327,,109305.55,0.0699,654,0.127,0.15,0.99
500020,129000,96700,360,173,0,Los Angeles,CA,90047,550,79037.19,0.1075,675,0.048,0.11,0.86
500021,160000,128000,360,311,360,Jackson,MS,39211,668,122334.35,0.07125,656,0.013,0.07,0.83
500022,68000,40000,180,41,360,Pocomoke City,MD,21851,608,35507.54,0.1,612,0.023,0.04,0.94
500023,82000,62411,180,36,180,Columbus,OH,43024,769,20012.2,0.0749,,0.056,0.14,0.97
500024,125000,25000,360,311,360,Garland,TX,75040,710,24292.94,0.0999,473,0.028,0.12,0.83
500025,206000,133900,360,318,360,Porterville,CA,93257,536,130742.93,0.08,458,0.019,0.1,0.95
500026,244000,145000,366,315,480,Bolingbrook,IL,60440,569,155185.52,0.02,536,0.021,0.13,0.79
500027,125000,100000,360,311,360,Garland,TX,75040,710,96547.83,0.08495,473,0.046,0.09,0.85
500028,370000,195000,360,344,360,Orlando,FL,32824,562,194999.99,0.1025,510,0.116,0.06,0.83
500029,218000,190000,366,316,336,Red Bluff,CA,96080,488,218789.2,0.02,512,0.102,0.13,0.75
500030,170000,32255,360,323,480,Cathlamet,WA,98612,576,32136.67,0.11999,475,0.049,0.08,0.6
500031,295000,221250,360,328,540,Stockton,CA,95204,620,219349.84,0.07125,551,0.075,0.01,0.92
500032,68000,57800,360,304,360,Dayton,OH,45408,,55704.61,0.092,725,0.09,0.02,0.95
500033,442000,402812,360,339,360,Alhambra,CA,91801,,392549.98,0.05,762,0.005,0,1
500034,105000,78500,360,305,360,Cincinnati,OH,45215,,75551.26,0.088,546,0.005,0,1
500035,183500,50000,360,308,540,Saint Charles,MO,63303,570,49380.02,0.0775,590,0.019,0.02,0.97
500036,166380,133100,360,308,360,Springtown,TX,76082,,126919.61,0.0725,494,0.042,0.05,0.87
500037,620000,434000,360,291,360,Los Angeles (Winnetka Are,CA,91306,,397676.69,0.0575,605,0.032,0.12,0.82
500038,138000,110400,360,325,540,Waterford,MI,48327,,109305.55,0.0699,654,0.08,0.03,0.95
500039,129000,96700,360,173,0,Los Angeles,CA,90047,550,79037.19,0.1075,675,0.127,0.15,0.99
500040,160000,128000,360,311,360,Jackson,MS,39211,668,122334.35,0.07125,656,0.048,0.11,0.86
500041,68000,40000,180,41,360,Pocomoke City,MD,21851,608,35507.54,0.1,612,0.013,0.07,0.83
500042,82000,62411,180,36,180,Columbus,OH,43024,769,20012.2,0.0749,,0.023,0.04,0.94
500043,125000,25000,360,311,360,Garland,TX,75040,710,24292.94,0.0999,473,0.056,0.14,0.97
500044,206000,133900,360,318,360,Porterville,CA,93257,536,130742.93,0.08,458,0.028,0.12,0.83
500045,244000,145000,366,315,480,Bolingbrook,IL,60440,569,155185.52,0.02,536,0.019,0.1,0.95
500046,125000,100000,360,311,360,Garland,TX,75040,710,96547.83,0.08495,473,0.021,0.13,0.79
500047,370000,195000,360,344,360,Orlando,FL,32824,562,194999.99,0.1025,510,0.046,0.09,0.85
500048,218000,190000,366,316,336,Red Bluff,CA,96080,488,218789.2,0.02,512,0.116,0.06,0.83
500049,170000,32255,360,323,480,Cathlamet,WA,98612,576,32136.67,0.11999,475,0.102,0.13,0.75
500050,295000,221250,360,328,540,Stockton,CA,95204,620,219349.84,0.07125,551,0.049,0.08,0.6
500051,68000,57800,360,304,360,Dayton,OH,45408,,55704.61,0.092,725,0.075,0.01,0.92
500052,442000,402812,360,339,360,Alhambra,CA,91801,,392549.98,0.05,762,0.09,0.02,0.95
500053,105000,78500,360,305,360,Cincinnati,OH,45215,,75551.26,0.088,546,0.005,0,1
500054,183500,50000,360,308,540,Saint Charles,MO,63303,570,49380.02,0.0775,590,0.005,0,1
500055,166380,133100,360,308,360,Springtown,TX,76082,,126919.61,0.0725,494,0.019,0.02,0.97
500056,620000,434000,360,291,360,Los Angeles (Winnetka Are,CA,91306,,397676.69,0.0575,605,0.042,0.05,0.87
500057,138000,110400,360,325,540,Waterford,MI,48327,,109305.55,0.0699,654,0.032,0.12,0.82
500058,129000,96700,360,173,0,Los Angeles,CA,90047,550,79037.19,0.1075,675,0.08,0.03,0.95
500059,160000,128000,360,311,360,Jackson,MS,39211,668,122334.35,0.07125,656,0.127,0.15,0.99
500060,68000,40000,180,41,360,Pocomoke City,MD,21851,608,35507.54,0.1,612,0.048,0.11,0.86
500061,82000,62411,180,36,180,Columbus,OH,43024,769,20012.2,0.0749,,0.013,0.07,0.83
500062,125000,25000,360,311,360,Garland,TX,75040,710,24292.94,0.0999,473,0.023,0.04,0.94
500063,206000,133900,360,318,360,Porterville,CA,93257,536,130742.93,0.08,458,0.056,0.14,0.97
500064,244000,145000,366,315,480,Bolingbrook,IL,60440,569,155185.52,0.02,536,0.028,0.12,0.83
500065,125000,100000,360,311,360,Garland,TX,75040,710,96547.83,0.08495,473,0.019,0.1,0.95
500066,370000,195000,360,344,360,Orlando,FL,32824,562,194999.99,0.1025,510,0.021,0.13,0.79
500067,218000,190000,366,316,336,Red Bluff,CA,96080,488,218789.2,0.02,512,0.046,0.09,0.85
500068,170000,32255,360,323,480,Cathlamet,WA,98612,576,32136.67,0.11999,475,0.116,0.06,0.83
500069,295000,221250,360,328,540,Stockton,CA,95204,620,219349.84,0.07125,551,0.102,0.13,0.75
500070,68000,57800,360,304,360,Dayton,OH,45408,,55704.61,0.092,725,0.049,0.08,0.6
500071,442000,402812,360,339,360,Alhambra,CA,91801,,392549.98,0.05,762,0.075,0.01,0.92
500072,105000,78500,360,305,360,Cincinnati,OH,45215,,75551.26,0.088,546,0.09,0.02,0.95
500073,183500,50000,360,308,540,Saint Charles,MO,63303,570,49380.02,0.0775,590,0.005,0,1
500074,166380,133100,360,308,360,Springtown,TX,76082,,126919.61,0.0725,494,0.005,0,1
500075,620000,434000,360,291,360,Los Angeles (Winnetka Are,CA,91306,,397676.69,0.0575,605,0.019,0.02,0.97
500076,138000,110400,360,325,540,Waterford,MI,48327,,109305.55,0.0699,654,0.042,0.05,0.87
500077,129000,96700,360,173,0,Los Angeles,CA,90047,550,79037.19,0.1075,675,0.032,0.12,0.82
500078,160000,128000,360,311,360,Jackson,MS,39211,668,122334.35,0.07125,656,0.08,0.03,0.95
500079,68000,40000,180,41,360,Pocomoke City,MD,21851,608,35507.54,0.1,612,0.127,0.15,0.99
500080,82000,62411,180,36,180,Columbus,OH,43024,769,20012.2,0.0749,,0.048,0.11,0.86
500081,125000,25000,360,311,360,Garland,TX,75040,710,24292.94,0.0999,473,0.013,0.07,0.83
500082,206000,133900,360,318,360,Porterville,CA,93257,536,130742.93,0.08,458,0.023,0.04,0.94
500083,244000,145000,366,315,480,Bolingbrook,IL,60440,569,155185.52,0.02,536,0.056,0.14,0.97
500084,125000,100000,360,311,360,Garland,TX,75040,710,96547.83,0.08495,473,0.028,0.12,0.83
500085,370000,195000,360,344,360,Orlando,FL,32824,562,194999.99,0.1025,510,0.019,0.1,0.95
500086,218000,190000,366,316,336,Red Bluff,CA,96080,488,218789.2,0.02,512,0.021,0.13,0.79
500087,170000,32255,360,323,480,Cathlamet,WA,98612,576,32136.67,0.11999,475,0.046,0.09,0.85
500088,295000,221250,360,328,540,Stockton,CA,95204,620,219349.84,0.07125,551,0.116,0.06,0.83
500089,68000,57800,360,304,360,Dayton,OH,45408,,55704.61,0.092,725,0.102,0.13,0.75
500090,442000,402812,360,339,360,Alhambra,CA,91801,,392549.98,0.05,762,0.049,0.08,0.6
500091,105000,78500,360,305,360,Cincinnati,OH,45215,,75551.26,0.088,546,0.075,0.01,0.92
500092,183500,50000,360,308,540,Saint Charles,MO,63303,570,49380.02,0.0775,590,0.09,0.02,0.95
500093,166380,133100,360,308,360,Springtown,TX,76082,,126919.61,0.0725,494,0.005,0,1
500094,620000,434000,360,291,360,Los Angeles (Winnetka Are,CA,91306,,397676.69,0.0575,605,0.005,0,1
500095,138000,110400,360,325,540,Waterford,MI,48327,,109305.55,0.0699,654,0.019,0.02,0.97
500096,129000,96700,360,173,0,Los Angeles,CA,90047,550,79037.19,0.1075,675,0.042,0.05,0.87
500097,160000,128000,360,311,360,Jackson,MS,39211,668,122334.35,0.07125,656,0.032,0.12,0.82
500098,68000,40000,180,41,360,Pocomoke City,MD,21851,608,35507.54,0.1,612,0.08,0.03,0.95
500099,82000,62411,180,36,180,Columbus,OH,43024,769,20012.2,0.0749,,0.127,0.15,0.99
500100,125000,25000,360,311,360,Garland,TX,75040,710,24292.94,0.0999,473,0.048,0.11,0.86
500101,206000,133900,360,318,360,Porterville,CA,93257,536,130742.93,0.08,458,0.013,0.07,0.83
500102,244000,145000,366,315,480,Bolingbrook,IL,60440,569,155185.52,0.02,536,0.023,0.04,0.94
500103,125000,100000,360,311,360,Garland,TX,75040,710,96547.83,0.08495,473,0.056,0.14,0.97
500104,370000,195000,360,344,360,Orlando,FL,32824,562,194999.99,0.1025,510,0.028,0.12,0.83
500105,218000,190000,366,316,336,Red Bluff,CA,96080,488,218789.2,0.02,512,0.019,0.1,0.95
500106,170000,32255,360,323,480,Cathlamet,WA,98612,576,32136.67,0.11999,475,0.021,0.13,0.79
500107,295000,221250,360,328,540,Stockton,CA,95204,620,219349.84,0.07125,551,0.046,0.09,0.85
500108,68000,57800,360,304,360,Dayton,OH,45408,,55704.61,0.092,725,0.116,0.06,0.83
500109,442000,402812,360,339,360,Alhambra,CA,91801,,392549.98,0.05,762,0.102,0.13,0.75
500110,105000,78500,360,305,360,Cincinnati,OH,45215,,75551.26,0.088,546,0.049,0.08,0.6
500111,183500,50000,360,308,540,Saint Charles,MO,63303,570,49380.02,0.0775,590,0.075,0.01,0.92
500112,166380,133100,360,308,360,Springtown,TX,76082,,126919.61,0.0725,494,0.09,0.02,0.95
500113,620000,434000,360,291,360,Los Angeles (Winnetka Are,CA,91306,,397676.69,0.0575,605,0.005,0,1
500114,138000,110400,360,325,540,Waterford,MI,48327,,109305.55,0.0699,654,0.005,0,1
500115,129000,96700,360,173,0,Los Angeles,CA,90047,550,79037.19,0.1075,675,0.019,0.02,0.97
500116,160000,128000,360,311,360,Jackson,MS,39211,668,122334.35,0.07125,656,0.042,0.05,0.87
500117,68000,40000,180,41,360,Pocomoke City,MD,21851,608,35507.54,0.1,612,0.032,0.12,0.82
500118,82000,62411,180,36,180,Columbus,OH,43024,769,20012.2,0.0749,,0.08,0.03,0.95
500119,125000,25000,360,311,360,Garland,TX,75040,710,24292.94,0.0999,473,0.127,0.15,0.99
500120,206000,133900,360,318,360,Porterville,CA,93257,536,130742.93,0.08,458,0.048,0.11,0.86
500121,244000,145000,366,315,480,Bolingbrook,IL,60440,569,155185.52,0.02,536,0.013,0.07,0.83
500122,125000,100000,360,311,360,Garland,TX,75040,710,96547.83,0.08495,473,0.023,0.04,0.94
500123,370000,195000,360,344,360,Orlando,FL,32824,562,194999.99,0.1025,510,0.056,0.14,0.97
500124,218000,190000,366,316,336,Red Bluff,CA,96080,488,218789.2,0.02,512,0.028,0.12,0.83
500125,170000,32255,360,323,480,Cathlamet,WA,98612,576,32136.67,0.11999,475,0.019,0.1,0.95
500126,295000,221250,360,328,540,Stockton,CA,95204,620,219349.84,0.07125,551,0.021,0.13,0.79
500127,68000,57800,360,304,360,Dayton,OH,45408,,55704.61,0.092,725,0.046,0.09,0.85
500128,442000,402812,360,339,360,Alhambra,CA,91801,,392549.98,0.05,762,0.116,0.06,0.83
500129,105000,78500,360,305,360,Cincinnati,OH,45215,,75551.26,0.088,546,0.102,0.13,0.75
500130,183500,50000,360,308,540,Saint Charles,MO,63303,570,49380.02,0.0775,590,0.049,0.08,0.6
500131,166380,133100,360,308,360,Springtown,TX,76082,,126919.61,0.0725,494,0.075,0.01,0.92
500132,620000,434000,360,291,360,Los Angeles (Winnetka Are,CA,91306,,397676.69,0.0575,605,0.09,0.02,0.95
500133,138000,110400,360,325,540,Waterford,MI,48327,,109305.55,0.0699,654,0.005,0,1
500134,129000,96700,360,173,0,Los Angeles,CA,90047,550,79037.19,0.1075,675,0.005,0,1
500135,160000,128000,360,311,360,Jackson,MS,39211,668,122334.35,0.07125,656,0.019,0.02,0.97
500136,68000,40000,180,41,360,Pocomoke City,MD,21851,608,35507.54,0.1,612,0.042,0.05,0.87
500137,82000,62411,180,36,180,Columbus,OH,43024,769,20012.2,0.0749,,0.032,0.12,0.82
500138,125000,25000,360,311,360,Garland,TX,75040,710,24292.94,0.0999,473,0.08,0.03,0.95
500139,206000,133900,360,318,360,Porterville,CA,93257,536,130742.93,0.08,458,0.127,0.15,0.99
500140,244000,145000,366,315,480,Bolingbrook,IL,60440,569,155185.52,0.02,536,0.048,0.11,0.86
500141,125000,100000,360,311,360,Garland,TX,75040,710,96547.83,0.08495,473,0.013,0.07,0.83
500142,370000,195000,360,344,360,Orlando,FL,32824,562,194999.99,0.1025,510,0.023,0.04,0.94
500143,218000,190000,366,316,336,Red Bluff,CA,96080,488,218789.2,0.02,512,0.056,0.14,0.97
500144,170000,32255,360,323,480,Cathlamet,WA,98612,576,32136.67,0.11999,475,0.028,0.12,0.83
500145,295000,221250,360,328,540,Stockton,CA,95204,620,219349.84,0.07125,551,0.019,0.1,0.95
500146,68000,57800,360,304,360,Dayton,OH,45408,,55704.61,0.092,725,0.021,0.13,0.79
500147,442000,402812,360,339,360,Alhambra,CA,91801,,392549.98,0.05,762,0.046,0.09,0.85
500148,105000,78500,360,305,360,Cincinnati,OH,45215,,75551.26,0.088,546,0.116,0.06,0.83
500149,183500,50000,360,308,540,Saint Charles,MO,63303,570,49380.02,0.0775,590,0.102,0.13,0.75
500150,166380,133100,360,308,360,Springtown,TX,76082,,126919.61,0.0725,494,0.049,0.08,0.6
500151,620000,434000,360,291,360,Los Angeles (Winnetka Are,CA,91306,,397676.69,0.0575,605,0.075,0.01,0.92
500152,138000,110400,360,325,540,Waterford,MI,48327,,109305.55,0.0699,654,0.09,0.02,0.95
500153,129000,96700,360,173,0,Los Angeles,CA,90047,550,79037.19,0.1075,675,0.005,0,1
500154,160000,128000,360,311,360,Jackson,MS,39211,668,122334.35,0.07125,656,0.005,0,1
500155,68000,40000,180,41,360,Pocomoke City,MD,21851,608,35507.54,0.1,612,0.019,0.02,0.97
500156,82000,62411,180,36,180,Columbus,OH,43024,769,20012.2,0.0749,,0.042,0.05,0.87
500157,125000,25000,360,311,360,Garland,TX,75040,710,24292.94,0.0999,473,0.032,0.12,0.82
500158,206000,133900,360,318,360,Porterville,CA,93257,536,130742.93,0.08,458,0.08,0.03,0.95
500159,244000,145000,366,315,480,Bolingbrook,IL,60440,569,155185.52,0.02,536,0.127,0.15,0.99
500160,125000,100000,360,311,360,Garland,TX,75040,710,96547.83,0.08495,473,0.048,0.11,0.86
500161,370000,195000,360,344,360,Orlando,FL,32824,562,194999.99,0.1025,510,0.013,0.07,0.83
500162,218000,190000,366,316,336,Red Bluff,CA,96080,488,218789.2,0.02,512,0.023,0.04,0.94
500163,170000,32255,360,323,480,Cathlamet,WA,98612,576,32136.67,0.11999,475,0.056,0.14,0.97
500164,295000,221250,360,328,540,Stockton,CA,95204,620,219349.84,0.07125,551,0.028,0.12,0.83
500165,68000,57800,360,304,360,Dayton,OH,45408,,55704.61,0.092,725,0.019,0.1,0.95
500166,442000,402812,360,339,360,Alhambra,CA,91801,,392549.98,0.05,762,0.021,0.13,0.79
500167,105000,78500,360,305,360,Cincinnati,OH,45215,,75551.26,0.088,546,0.046,0.09,0.85
500168,183500,50000,360,308,540,Saint Charles,MO,63303,570,49380.02,0.0775,590,0.116,0.06,0.83
500169,166380,133100,360,308,360,Springtown,TX,76082,,126919.61,0.0725,494,0.102,0.13,0.75
500170,620000,434000,360,291,360,Los Angeles (Winnetka Are,CA,91306,,397676.69,0.0575,605,0.049,0.08,0.6
500171,138000,110400,360,325,540,Waterford,MI,48327,,109305.55,0.0699,654,0.075,0.01,0.92
500172,129000,96700,360,173,0,Los Angeles,CA,90047,550,79037.19,0.1075,675,0.09,0.02,0.95
500173,160000,128000,360,311,360,Jackson,MS,39211,668,122334.35,0.07125,656,0.005,0,1
500174,68000,40000,180,41,360,Pocomoke City,MD,21851,608,35507.54,0.1,612,0.005,0,1
500175,82000,62411,180,36,180,Columbus,OH,43024,769,20012.2,0.0749,,0.019,0.02,0.97
500176,125000,25000,360,311,360,Garland,TX,75040,710,24292.94,0.0999,473,0.042,0.05,0.87
500177,206000,133900,360,318,360,Porterville,CA,93257,536,130742.93,0.08,458,0.032,0.12,0.82
500178,244000,145000,366,315,480,Bolingbrook,IL,60440,569,155185.52,0.02,536,0.08,0.03,0.95
500179,125000,100000,360,311,360,Garland,TX,75040,710,96547.83,0.08495,473,0.127,0.15,0.99
500180,370000,195000,360,344,360,Orlando,FL,32824,562,194999.99,0.1025,510,0.048,0.11,0.86
500181,218000,190000,366,316,336,Red Bluff,CA,96080,488,218789.2,0.02,512,0.013,0.07,0.83
500182,170000,32255,360,323,480,Cathlamet,WA,98612,576,32136.67,0.11999,475,0.023,0.04,0.94
500183,295000,221250,360,328,540,Stockton,CA,95204,620,219349.84,0.07125,551,0.056,0.14,0.97
500184,68000,57800,360,304,360,Dayton,OH,45408,,55704.61,0.092,725,0.028,0.12,0.83
500185,442000,402812,360,339,360,Alhambra,CA,91801,,392549.98,0.05,762,0.019,0.1,0.95
500186,105000,78500,360,305,360,Cincinnati,OH,45215,,75551.26,0.088,546,0.021,0.13,0.79
500187,183500,50000,360,308,540,Saint Charles,MO,63303,570,49380.02,0.0775,590,0.046,0.09,0.85
500188,166380,133100,360,308,360,Springtown,TX,76082,,126919.61,0.0725,494,0.116,0.06,0.83
500189,620000,434000,360,291,360,Los Angeles (Winnetka Are,CA,91306,,397676.69,0.0575,605,0.102,0.13,0.75
500190,138000,110400,360,325,540,Waterford,MI,48327,,109305.55,0.0699,654,0.049,0.08,0.6
500191,129000,96700,360,173,0,Los Angeles,CA,90047,550,79037.19,0.1075,675,0.075,0.01,0.92
500192,160000,128000,360,311,360,Jackson,MS,39211,668,122334.35,0.07125,656,0.09,0.02,0.95
500193,68000,40000,180,41,360,Pocomoke City,MD,21851,608,35507.54,0.1,612,0.005,0,1
500194,82000,62411,180,36,180,Columbus,OH,43024,769,20012.2,0.0749,,0.005,0,1
500195,125000,25000,360,311,360,Garland,TX,75040,710,24292.94,0.0999,473,0.019,0.02,0.97
500196,206000,133900,360,318,360,Porterville,CA,93257,536,130742.93,0.08,458,0.042,0.05,0.87
500197,244000,145000,366,315,480,Bolingbrook,IL,60440,569,155185.52,0.02,536,0.032,0.12,0.82
500198,125000,100000,360,311,360,Garland,TX,75040,710,96547.83,0.08495,473,0.08,0.03,0.95
500199,370000,195000,360,344,360,Orlando,FL,32824,562,194999.99,0.1025,510,0.127,0.15,0.99
500200,218000,190000,366,316,336,Red Bluff,CA,96080,488,218789.2,0.02,512,0.048,0.11,0.86
500201,170000,32255,360,323,480,Cathlamet,WA,98612,576,32136.67,0.11999,475,0.013,0.07,0.83
500202,295000,221250,360,328,540,Stockton,CA,95204,620,219349.84,0.07125,551,0.023,0.04,0.94
500203,68000,57800,360,304,360,Dayton,OH,45408,,55704.61,0.092,725,0.056,0.14,0.97
500204,442000,402812,360,339,360,Alhambra,CA,91801,,392549.98,0.05,762,0.028,0.12,0.83
500205,105000,78500,360,305,360,Cincinnati,OH,45215,,75551.26,0.088,546,0.019,0.1,0.95
500206,183500,50000,360,308,540,Saint Charles,MO,63303,570,49380.02,0.0775,590,0.021,0.13,0.79
500207,166380,133100,360,308,360,Springtown,TX,76082,,126919.61,0.0725,494,0.046,0.09,0.85
500208,620000,434000,360,291,360,Los Angeles (Winnetka Are,CA,91306,,397676.69,0.0575,605,0.116,0.06,0.83
500209,138000,110400,360,325,540,Waterford,MI,48327,,109305.55,0.0699,654,0.102,0.13,0.75
500210,129000,96700,360,173,0,Los Angeles,CA,90047,550,79037.19,0.1075,675,0.049,0.08,0.6
500211,160000,128000,360,311,360,Jackson,MS,39211,668,122334.35,0.07125,656,0.075,0.01,0.92
500212,68000,40000,180,41,360,Pocomoke City,MD,21851,608,35507.54,0.1,612,0.09,0.02,0.95
500213,82000,62411,180,36,180,Columbus,OH,43024,769,20012.2,0.0749,,0.005,0,1
500214,125000,25000,360,311,360,Garland,TX,75040,710,24292.94,0.0999,473,0.005,0,1
500215,206000,133900,360,318,360,Porterville,CA,93257,536,130742.93,0.08,458,0.019,0.02,0.97
500216,244000,145000,366,315,480,Bolingbrook,IL,60440,569,155185.52,0.02,536,0.042,0.05,0.87
500217,125000,100000,360,311,360,Garland,TX,75040,710,96547.83,0.08495,473,0.032,0.12,0.82
500218,370000,195000,360,344,360,Orlando,FL,32824,562,194999.99,0.1025,510,0.08,0.03,0.95
500219,218000,190000,366,316,336,Red Bluff,CA,96080,488,218789.2,0.02,512,0.127,0.15,0.99
500220,170000,32255,360,323,480,Cathlamet,WA,98612,576,32136.67,0.11999,475,0.048,0.11,0.86
500221,295000,221250,360,328,540,Stockton,CA,95204,620,219349.84,0.07125,551,0.013,0.07,0.83
500222,68000,57800,360,304,360,Dayton,OH,45408,,55704.61,0.092,725,0.023,0.04,0.94
500223,442000,402812,360,339,360,Alhambra,CA,91801,,392549.98,0.05,762,0.056,0.14,0.97
500224,105000,78500,360,305,360,Cincinnati,OH,45215,,75551.26,0.088,546,0.028,0.12,0.83
500225,183500,50000,360,308,540,Saint Charles,MO,63303,570,49380.02,0.0775,590,0.019,0.1,0.95
500226,166380,133100,360,308,360,Springtown,TX,76082,,126919.61,0.0725,494,0.021,0.13,0.79
500227,620000,434000,360,291,360,Los Angeles (Winnetka Are,CA,91306,,397676.69,0.0575,605,0.046,0.09,0.85
500228,138000,110400,360,325,540,Waterford,MI,48327,,109305.55,0.0699,654,0.116,0.06,0.83
500229,129000,96700,360,173,0,Los Angeles,CA,90047,550,79037.19,0.1075,675,0.102,0.13,0.75
500230,160000,128000,360,311,360,Jackson,MS,39211,668,122334.35,0.07125,656,0.049,0.08,0.6
500231,68000,40000,180,41,360,Pocomoke City,MD,21851,608,35507.54,0.1,612,0.075,0.01,0.92
500232,82000,62411,180,36,180,Columbus,OH,43024,769,20012.2,0.0749,,0.09,0.02,0.95
500233,125000,25000,360,311,360,Garland,TX,75040,710,24292.94,0.0999,473,0.005,0,1
500234,206000,133900,360,318,360,Porterville,CA,93257,536,130742.93,0.08,458,0.005,0,1
500235,244000,145000,366,315,480,Bolingbrook,IL,60440,569,155185.52,0.02,536,0.019,0.02,0.97
500236,125000,100000,360,311,360,Garland,TX,75040,710,96547.83,0.08495,473,0.042,0.05,0.87
500237,370000,195000,360,344,360,Orlando,FL,32824,562,194999.99,0.1025,510,0.032,0.12,0.82
500238,218000,190000,366,316,336,Red Bluff,CA,96080,488,218789.2,0.02,512,0.08,0.03,0.95
500239,170000,32255,360,323,480,Cathlamet,WA,98612,576,32136.67,0.11999,475,0.127,0.15,0.99
500240,295000,221250,360,328,540,Stockton,CA,95204,620,219349.84,0.07125,551,0.048,0.11,0.86
500241,68000,57800,360,304,360,Dayton,OH,45408,,55704.61,0.092,725,0.013,0.07,0.83
500242,442000,402812,360,339,360,Alhambra,CA,91801,,392549.98,0.05,762,0.023,0.04,0.94
500243,105000,78500,360,305,360,Cincinnati,OH,45215,,75551.26,0.088,546,0.056,0.14,0.97
500244,183500,50000,360,308,540,Saint Charles,MO,63303,570,49380.02,0.0775,590,0.028,0.12,0.83
500245,166380,133100,360,308,360,Springtown,TX,76082,,126919.61,0.0725,494,0.019,0.1,0.95
500246,620000,434000,360,291,360,Los Angeles (Winnetka Are,CA,91306,,397676.69,0.0575,605,0.021,0.13,0.79
500247,138000,110400,360,325,540,Waterford,MI,48327,,109305.55,0.0699,654,0.046,0.09,0.85
500248,129000,96700,360,173,0,Los Angeles,CA,90047,550,79037.19,0.1075,675,0.116,0.06,0.83
500249,160000,128000,360,311,360,Jackson,MS,39211,668,122334.35,0.07125,656,0.102,0.13,0.75
500250,68000,40000,180,41,360,Pocomoke City,MD,21851,608,35507.54,0.1,612,0.049,0.08,0.6
500251,82000,62411,180,36,180,Columbus,OH,43024,769,20012.2,0.0749,,0.075,0.01,0.92
500252,125000,25000,360,311,360,Garland,TX,75040,710,24292.94,0.0999,473,0.09,0.02,0.95
500253,206000,133900,360,318,360,Porterville,CA,93257,536,130742.93,0.08,458,0.005,0,1
500254,244000,145000,366,315,480,Bolingbrook,IL,60440,569,155185.52,0.02,536,0.005,0,1
500255,125000,100000,360,311,360,Garland,TX,75040,710,96547.83,0.08495,473,0.019,0.02,0.97
500256,370000,195000,360,344,360,Orlando,FL,32824,562,194999.99,0.1025,510,0.042,0.05,0.87
500257,218000,190000,366,316,336,Red Bluff,CA,96080,488,218789.2,0.02,512,0.032,0.12,0.82
500258,170000,32255,360,323,480,Cathlamet,WA,98612,576,32136.67,0.11999,475,0.08,0.03,0.95
500259,295000,221250,360,328,540,Stockton,CA,95204,620,219349.84,0.07125,551,0.127,0.15,0.99
500260,68000,57800,360,304,360,Dayton,OH,45408,,55704.61,0.092,725,0.048,0.11,0.86
500261,442000,402812,360,339,360,Alhambra,CA,91801,,392549.98,0.05,762,0.013,0.07,0.83
500262,105000,78500,360,305,360,Cincinnati,OH,45215,,75551.26,0.088,546,0.023,0.04,0.94
500263,183500,50000,360,308,540,Saint Charles,MO,63303,570,49380.02,0.0775,590,0.056,0.14,0.97
500264,166380,133100,360,308,360,Springtown,TX,76082,,126919.61,0.0725,494,0.028,0.12,0.83
500265,620000,434000,360,291,360,Los Angeles (Winnetka Are,CA,91306,,397676.69,0.0575,605,0.019,0.1,0.95
500266,138000,110400,360,325,540,Waterford,MI,48327,,109305.55,0.0699,654,0.021,0.13,0.79
500267,129000,96700,360,173,0,Los Angeles,CA,90047,550,79037.19,0.1075,675,0.046,0.09,0.85
500268,160000,128000,360,311,360,Jackson,MS,39211,668,122334.35,0.07125,656,0.116,0.06,0.83
500269,68000,40000,180,41,360,Pocomoke City,MD,21851,608,35507.54,0.1,612,0.102,0.13,0.75
500270,82000,62411,180,36,180,Columbus,OH,43024,769,20012.2,0.0749,,0.049,0.08,0.6
500271,125000,25000,360,311,360,Garland,TX,75040,710,24292.94,0.0999,473,0.075,0.01,0.92
500272,206000,133900,360,318,360,Porterville,CA,93257,536,130742.93,0.08,458,0.09,0.02,0.95
500273,244000,145000,366,315,480,Bolingbrook,IL,60440,569,155185.52,0.02,536,0.005,0,1
500274,125000,100000,360,311,360,Garland,TX,75040,710,96547.83,0.08495,473,0.005,0,1
500275,370000,195000,360,344,360,Orlando,FL,32824,562,194999.99,0.1025,510,0.019,0.02,0.97
500276,218000,190000,366,316,336,Red Bluff,CA,96080,488,218789.2,0.02,512,0.042,0.05,0.87
500277,170000,32255,360,323,480,Cathlamet,WA,98612,576,32136.67,0.11999,475,0.032,0.12,0.82
500278,295000,221250,360,328,540,Stockton,CA,95204,620,219349.84,0.07125,551,0.08,0.03,0.95
500279,68000,57800,360,304,360,Dayton,OH,45408,,55704.61,0.092,725,0.127,0.15,0.99
500280,442000,402812,360,339,360,Alhambra,CA,91801,,392549.98,0.05,762,0.048,0.11,0.86
500281,105000,78500,360,305,360,Cincinnati,OH,45215,,75551.26,0.088,546,0.013,0.07,0.83
500282,183500,50000,360,308,540,Saint Charles,MO,63303,570,49380.02,0.0775,590,0.023,0.04,0.94
500283,166380,133100,360,308,360,Springtown,TX,76082,,126919.61,0.0725,494,0.056,0.14,0.97
500284,620000,434000,360,291,360,Los Angeles (Winnetka Are,CA,91306,,397676.69,0.0575,605,0.028,0.12,0.83
500285,138000,110400,360,325,540,Waterford,MI,48327,,109305.55,0.0699,654,0.019,0.1,0.95
500286,129000,96700,360,173,0,Los Angeles,CA,90047,550,79037.19,0.1075,675,0.021,0.13,0.79
500287,160000,128000,360,311,360,Jackson,MS,39211,668,122334.35,0.07125,656,0.046,0.09,0.85
500288,68000,40000,180,41,360,Pocomoke City,MD,21851,608,35507.54,0.1,612,0.116,0.06,0.83
500289,82000,62411,180,36,180,Columbus,OH,43024,769,20012.2,0.0749,,0.102,0.13,0.75
500290,125000,25000,360,311,360,Garland,TX,75040,710,24292.94,0.0999,473,0.049,0.08,0.6
500291,206000,133900,360,318,360,Porterville,CA,93257,536,130742.93,0.08,458,0.075,0.01,0.92
500292,244000,145000,366,315,480,Bolingbrook,IL,60440,569,155185.52,0.02,536,0.09,0.02,0.95
500293,125000,100000,360,311,360,Garland,TX,75040,710,96547.83,0.08495,473,0.005,0,1
500294,370000,195000,360,344,360,Orlando,FL,32824,562,194999.99,0.1025,510,0.005,0,1
500295,218000,190000,366,316,336,Red Bluff,CA,96080,488,218789.2,0.02,512,0.019,0.02,0.97
500296,170000,32255,360,323,480,Cathlamet,WA,98612,576,32136.67,0.11999,475,0.042,0.05,0.87
500297,295000,221250,360,328,540,Stockton,CA,95204,620,219349.84,0.07125,551,0.032,0.12,0.82
500298,68000,57800,360,304,360,Dayton,OH,45408,,55704.61,0.092,725,0.08,0.03,0.95
500299,442000,402812,360,339,360,Alhambra,CA,91801,,392549.98,0.05,762,0.127,0.15,0.99
500300,105000,78500,360,305,360,Cincinnati,OH,45215,,75551.26,0.088,546,0.048,0.11,0.86
500301,183500,50000,360,308,540,Saint Charles,MO,63303,570,49380.02,0.0775,590,0.013,0.07,0.83
500302,166380,133100,360,308,360,Springtown,TX,76082,,126919.61,0.0725,494,0.023,0.04,0.94
500303,620000,434000,360,291,360,Los Angeles (Winnetka Are,CA,91306,,397676.69,0.0575,605,0.056,0.14,0.97
500304,138000,110400,360,325,540,Waterford,MI,48327,,109305.55,0.0699,654,0.028,0.12,0.83
500305,129000,96700,360,173,0,Los Angeles,CA,90047,550,79037.19,0.1075,675,0.019,0.1,0.95
500306,160000,128000,360,311,360,Jackson,MS,39211,668,122334.35,0.07125,656,0.021,0.13,0.79
500307,68000,40000,180,41,360,Pocomoke City,MD,21851,608,35507.54,0.1,612,0.046,0.09,0.85
500308,82000,62411,180,36,180,Columbus,OH,43024,769,20012.2,0.0749,,0.116,0.06,0.83
500309,125000,25000,360,311,360,Garland,TX,75040,710,24292.94,0.0999,473,0.102,0.13,0.75
500310,206000,133900,360,318,360,Porterville,CA,93257,536,130742.93,0.08,458,0.049,0.08,0.6
500311,244000,145000,366,315,480,Bolingbrook,IL,60440,569,155185.52,0.02,536,0.075,0.01,0.92
500312,125000,100000,360,311,360,Garland,TX,75040,710,96547.83,0.08495,473,0.09,0.02,0.95
500313,370000,195000,360,344,360,Orlando,FL,32824,562,194999.99,0.1025,510,0.005,0,1
500314,218000,190000,366,316,336,Red Bluff,CA,96080,488,218789.2,0.02,512,0.005,0,1
500315,170000,32255,360,323,480,Cathlamet,WA,98612,576,32136.67,0.11999,475,0.019,0.02,0.97
500316,295000,221250,360,328,540,Stockton,CA,95204,620,219349.84,0.07125,551,0.042,0.05,0.87
500317,68000,57800,360,304,360,Dayton,OH,45408,,55704.61,0.092,725,0.032,0.12,0.82
500318,442000,402812,360,339,360,Alhambra,CA,91801,,392549.98,0.05,762,0.08,0.03,0.95
500319,105000,78500,360,305,360,Cincinnati,OH,45215,,75551.26,0.088,546,0.127,0.15,0.99
500320,183500,50000,360,308,540,Saint Charles,MO,63303,570,49380.02,0.0775,590,0.048,0.11,0.86
500321,166380,133100,360,308,360,Springtown,TX,76082,,126919.61,0.0725,494,0.013,0.07,0.83
500322,620000,434000,360,291,360,Los Angeles (Winnetka Are,CA,91306,,397676.69,0.0575,605,0.023,0.04,0.94
500323,138000,110400,360,325,540,Waterford,MI,48327,,109305.55,0.0699,654,0.056,0.14,0.97
500324,129000,96700,360,173,0,Los Angeles,CA,90047,550,79037.19,0.1075,675,0.028,0.12,0.83
500325,160000,128000,360,311,360,Jackson,MS,39211,668,122334.35,0.07125,656,0.019,0.1,0.95
500326,68000,40000,180,41,360,Pocomoke City,MD,21851,608,35507.54,0.1,612,0.021,0.13,0.79
500327,82000,62411,180,36,180,Columbus,OH,43024,769,20012.2,0.0749,,0.046,0.09,0.85
500328,125000,25000,360,311,360,Garland,TX,75040,710,24292.94,0.0999,473,0.116,0.06,0.83
500329,206000,133900,360,318,360,Porterville,CA,93257,536,130742.93,0.08,458,0.102,0.13,0.75
500330,244000,145000,366,315,480,Bolingbrook,IL,60440,569,155185.52,0.02,536,0.049,0.08,0.6
500331,125000,100000,360,311,360,Garland,TX,75040,710,96547.83,0.08495,473,0.075,0.01,0.92
500332,370000,195000,360,344,360,Orlando,FL,32824,562,194999.99,0.1025,510,0.09,0.02,0.95
500333,218000,190000,366,316,336,Red Bluff,CA,96080,488,218789.2,0.02,512,0.005,0,1
500334,170000,32255,360,323,480,Cathlamet,WA,98612,576,32136.67,0.11999,475,0.005,0,1
500335,295000,221250,360,328,540,Stockton,CA,95204,620,219349.84,0.07125,551,0.019,0.02,0.97
500336,68000,57800,360,304,360,Dayton,OH,45408,,55704.61,0.092,725,0.042,0.05,0.87
500337,442000,402812,360,339,360,Alhambra,CA,91801,,392549.98,0.05,762,0.032,0.12,0.82
500338,105000,78500,360,305,360,Cincinnati,OH,45215,,75551.26,0.088,546,0.08,0.03,0.95
500339,183500,50000,360,308,540,Saint Charles,MO,63303,570,49380.02,0.0775,590,0.127,0.15,0.99
500340,166380,133100,360,308,360,Springtown,TX,76082,,126919.61,0.0725,494,0.048,0.11,0.86
500341,620000,434000,360,291,360,Los Angeles (Winnetka Are,CA,91306,,397676.69,0.0575,605,0.013,0.07,0.83
500342,138000,110400,360,325,540,Waterford,MI,48327,,109305.55,0.0699,654,0.023,0.04,0.94
500343,129000,96700,360,173,0,Los Angeles,CA,90047,550,79037.19,0.1075,675,0.056,0.14,0.97
500344,160000,128000,360,311,360,Jackson,MS,39211,668,122334.35,0.07125,656,0.028,0.12,0.83
500345,68000,40000,180,41,360,Pocomoke City,MD,21851,608,35507.54,0.1,612,0.019,0.1,0.95
500346,82000,62411,180,36,180,Columbus,OH,43024,769,20012.2,0.0749,,0.021,0.13,0.79
500347,125000,25000,360,311,360,Garland,TX,75040,710,24292.94,0.0999,473,0.046,0.09,0.85
500348,206000,133900,360,318,360,Porterville,CA,93257,536,130742.93,0.08,458,0.116,0.06,0.83
500349,244000,145000,366,315,480,Bolingbrook,IL,60440,569,155185.52,0.02,536,0.102,0.13,0.75
500350,125000,100000,360,311,360,Garland,TX,75040,710,96547.83,0.08495,473,0.049,0.08,0.6
500351,370000,195000,360,344,360,Orlando,FL,32824,562,194999.99,0.1025,510,0.075,0.01,0.92
500352,218000,190000,366,316,336,Red Bluff,CA,96080,488,218789.2,0.02,512,0.09,0.02,0.95
500353,170000,32255,360,323,480,Cathlamet,WA,98612,576,32136.67,0.11999,475,0.005,0,1
500354,295000,221250,360,328,540,Stockton,CA,95204,620,219349.84,0.07125,551,0.005,0,1
500355,68000,57800,360,304,360,Dayton,OH,45408,,55704.61,0.092,725,0.019,0.02,0.97
500356,442000,402812,360,339,360,Alhambra,CA,91801,,392549.98,0.05,762,0.042,0.05,0.87
500357,105000,78500,360,305,360,Cincinnati,OH,45215,,75551.26,0.088,546,0.032,0.12,0.82
500358,183500,50000,360,308,540,Saint Charles,MO,63303,570,49380.02,0.0775,590,0.08,0.03,0.95
500359,166380,133100,360,308,360,Springtown,TX,76082,,126919.61,0.0725,494,0.127,0.15,0.99
500360,620000,434000,360,291,360,Los Angeles (Winnetka Are,CA,91306,,397676.69,0.0575,605,0.048,0.11,0.86
500361,138000,110400,360,325,540,Waterford,MI,48327,,109305.55,0.0699,654,0.013,0.07,0.83
500362,129000,96700,360,173,0,Los Angeles,CA,90047,550,79037.19,0.1075,675,0.023,0.04,0.94
500363,160000,128000,360,311,360,Jackson,MS,39211,668,122334.35,0.07125,656,0.056,0.14,0.97
500364,68000,40000,180,41,360,Pocomoke City,MD,21851,608,35507.54,0.1,612,0.028,0.12,0.83
500365,82000,62411,180,36,180,Columbus,OH,43024,769,20012.2,0.0749,,0.019,0.1,0.95
500366,125000,25000,360,311,360,Garland,TX,75040,710,24292.94,0.0999,473,0.021,0.13,0.79
500367,206000,133900,360,318,360,Porterville,CA,93257,536,130742.93,0.08,458,0.046,0.09,0.85
500368,244000,145000,366,315,480,Bolingbrook,IL,60440,569,155185.52,0.02,536,0.116,0.06,0.83
500369,125000,100000,360,311,360,Garland,TX,75040,710,96547.83,0.08495,473,0.102,0.13,0.75
500370,370000,195000,360,344,360,Orlando,FL,32824,562,194999.99,0.1025,510,0.049,0.08,0.6
500371,218000,190000,366,316,336,Red Bluff,CA,96080,488,218789.2,0.02,512,0.075,0.01,0.92
500372,170000,32255,360,323,480,Cathlamet,WA,98612,576,32136.67,0.11999,475,0.09,0.02,0.95
500373,295000,221250,360,328,540,Stockton,CA,95204,620,219349.84,0.07125,551,0.005,0,1
500374,68000,57800,360,304,360,Dayton,OH,45408,,55704.61,0.092,725,0.005,0,1
500375,442000,402812,360,339,360,Alhambra,CA,91801,,392549.98,0.05,762,0.019,0.02,0.97
500376,105000,78500,360,305,360,Cincinnati,OH,45215,,75551.26,0.088,546,0.042,0.05,0.87
500377,183500,50000,360,308,540,Saint Charles,MO,63303,570,49380.02,0.0775,590,0.032,0.12,0.82
500378,166380,133100,360,308,360,Springtown,TX,76082,,126919.61,0.0725,494,0.08,0.03,0.95
500379,620000,434000,360,291,360,Los Angeles (Winnetka Are,CA,91306,,397676.69,0.0575,605,0.127,0.15,0.99
500380,138000,110400,360,325,540,Waterford,MI,48327,,109305.55,0.0699,654,0.048,0.11,0.86
500381,129000,96700,360,173,0,Los Angeles,CA,90047,550,79037.19,0.1075,675,0.013,0.07,0.83
500382,160000,128000,360,311,360,Jackson,MS,39211,668,122334.35,0.07125,656,0.023,0.04,0.94
500383,68000,40000,180,41,360,Pocomoke City,MD,21851,608,35507.54,0.1,612,0.056,0.14,0.97
500384,82000,62411,180,36,180,Columbus,OH,43024,769,20012.2,0.0749,,0.028,0.12,0.83
500385,125000,25000,360,311,360,Garland,TX,75040,710,24292.94,0.0999,473,0.019,0.1,0.95
500386,206000,133900,360,318,360,Porterville,CA,93257,536,130742.93,0.08,458,0.021,0.13,0.79
500387,244000,145000,366,315,480,Bolingbrook,IL,60440,569,155185.52,0.02,536,0.046,0.09,0.85
500388,125000,100000,360,311,360,Garland,TX,75040,710,96547.83,0.08495,473,0.116,0.06,0.83
500389,370000,195000,360,344,360,Orlando,FL,32824,562,194999.99,0.1025,510,0.102,0.13,0.75
500390,218000,190000,366,316,336,Red Bluff,CA,96080,488,218789.2,0.02,512,0.049,0.08,0.6
500391,170000,32255,360,323,480,Cathlamet,WA,98612,576,32136.67,0.11999,475,0.075,0.01,0.92
500392,295000,221250,360,328,540,Stockton,CA,95204,620,219349.84,0.07125,551,0.09,0.02,0.95
500393,68000,57800,360,304,360,Dayton,OH,45408,,55704.61,0.092,725,0.005,0,1
500394,442000,402812,360,339,360,Alhambra,CA,91801,,392549.98,0.05,762,0.005,0,1
500395,105000,78500,360,305,360,Cincinnati,OH,45215,,75551.26,0.088,546,0.019,0.02,0.97
500396,183500,50000,360,308,540,Saint Charles,MO,63303,570,49380.02,0.0775,590,0.042,0.05,0.87
500397,166380,133100,360,308,360,Springtown,TX,76082,,126919.61,0.0725,494,0.032,0.12,0.82
500398,620000,434000,360,291,360,Los Angeles (Winnetka Are,CA,91306,,397676.69,0.0575,605,0.08,0.03,0.95
500399,138000,110400,360,325,540,Waterford,MI,48327,,109305.55,0.0699,654,0.127,0.15,0.99
500400,129000,96700,360,173,0,Los Angeles,CA,90047,550,79037.19,0.1075,675,0.048,0.11,0.86
500401,160000,128000,360,311,360,Jackson,MS,39211,668,122334.35,0.07125,656,0.013,0.07,0.83
500402,68000,40000,180,41,360,Pocomoke City,MD,21851,608,35507.54,0.1,612,0.023,0.04,0.94
500403,82000,62411,180,36,180,Columbus,OH,43024,769,20012.2,0.0749,,0.056,0.14,0.97
500404,125000,25000,360,311,360,Garland,TX,75040,710,24292.94,0.0999,473,0.028,0.12,0.83
500405,206000,133900,360,318,360,Porterville,CA,93257,536,130742.93,0.08,458,0.019,0.1,0.95
500406,244000,145000,366,315,480,Bolingbrook,IL,60440,569,155185.52,0.02,536,0.021,0.13,0.79
500407,125000,100000,360,311,360,Garland,TX,75040,710,96547.83,0.08495,473,0.046,0.09,0.85
500408,370000,195000,360,344,360,Orlando,FL,32824,562,194999.99,0.1025,510,0.116,0.06,0.83
500409,218000,190000,366,316,336,Red Bluff,CA,96080,488,218789.2,0.02,512,0.102,0.13,0.75
500410,170000,32255,360,323,480,Cathlamet,WA,98612,576,32136.67,0.11999,475,0.049,0.08,0.6
500411,295000,221250,360,328,540,Stockton,CA,95204,620,219349.84,0.07125,551,0.075,0.01,0.92
500412,68000,57800,360,304,360,Dayton,OH,45408,,55704.61,0.092,725,0.09,0.02,0.95
500413,442000,402812,360,339,360,Alhambra,CA,91801,,392549.98,0.05,762,0.005,0,1
500414,105000,78500,360,305,360,Cincinnati,OH,45215,,75551.26,0.088,546,0.005,0,1
500415,183500,50000,360,308,540,Saint Charles,MO,63303,570,49380.02,0.0775,590,0.019,0.02,0.97
500416,166380,133100,360,308,360,Springtown,TX,76082,,126919.61,0.0725,494,0.042,0.05,0.87
500417,620000,434000,360,291,360,Los Angeles (Winnetka Are,CA,91306,,397676.69,0.0575,605,0.032,0.12,0.82
500418,138000,110400,360,325,540,Waterford,MI,48327,,109305.55,0.0699,654,0.08,0.03,0.95
500419,129000,96700,360,173,0,Los Angeles,CA,90047,550,79037.19,0.1075,675,0.127,0.15,0.99
500420,160000,128000,360,311,360,Jackson,MS,39211,668,122334.35,0.07125,656,0.048,0.11,0.86
500421,68000,40000,180,41,360,Pocomoke City,MD,21851,608,35507.54,0.1,612,0.013,0.07,0.83
500422,82000,62411,180,36,180,Columbus,OH,43024,769,20012.2,0.0749,,0.023,0.04,0.94
500423,125000,25000,360,311,360,Garland,TX,75040,710,24292.94,0.0999,473,0.056,0.14,0.97
500424,206000,133900,360,318,360,Porterville,CA,93257,536,130742.93,0.08,458,0.028,0.12,0.83
500425,244000,145000,366,315,480,Bolingbrook,IL,60440,569,155185.52,0.02,536,0.019,0.1,0.95
500426,125000,100000,360,311,360,Garland,TX,75040,710,96547.83,0.08495,473,0.021,0.13,0.79
500427,370000,195000,360,344,360,Orlando,FL,32824,562,194999.99,0.1025,510,0.046,0.09,0.85
500428,218000,190000,366,316,336,Red Bluff,CA,96080,488,218789.2,0.02,512,0.116,0.06,0.83
500429,170000,32255,360,323,480,Cathlamet,WA,98612,576,32136.67,0.11999,475,0.102,0.13,0.75
500430,295000,221250,360,328,540,Stockton,CA,95204,620,219349.84,0.07125,551,0.049,0.08,0.6
500431,68000,57800,360,304,360,Dayton,OH,45408,,55704.61,0.092,725,0.075,0.01,0.92
500432,442000,402812,360,339,360,Alhambra,CA,91801,,392549.98,0.05,762,0.09,0.02,0.95
500433,105000,78500,360,305,360,Cincinnati,OH,45215,,75551.26,0.088,546,0.005,0,1
500434,183500,50000,360,308,540,Saint Charles,MO,63303,570,49380.02,0.0775,590,0.005,0,1
500435,166380,133100,360,308,360,Springtown,TX,76082,,126919.61,0.0725,494,0.019,0.02,0.97
500436,620000,434000,360,291,360,Los Angeles (Winnetka Are,CA,91306,,397676.69,0.0575,605,0.042,0.05,0.87
500437,138000,110400,360,325,540,Waterford,MI,48327,,109305.55,0.0699,654,0.032,0.12,0.82
500438,129000,96700,360,173,0,Los Angeles,CA,90047,550,79037.19,0.1075,675,0.08,0.03,0.95
500439,160000,128000,360,311,360,Jackson,MS,39211,668,122334.35,0.07125,656,0.127,0.15,0.99
500440,68000,40000,180,41,360,Pocomoke City,MD,21851,608,35507.54,0.1,612,0.048,0.11,0.86
500441,82000,62411,180,36,180,Columbus,OH,43024,769,20012.2,0.0749,,0.013,0.07,0.83
500442,125000,25000,360,311,360,Garland,TX,75040,710,24292.94,0.0999,473,0.023,0.04,0.94
500443,206000,133900,360,318,360,Porterville,CA,93257,536,130742.93,0.08,458,0.056,0.14,0.97
500444,244000,145000,366,315,480,Bolingbrook,IL,60440,569,155185.52,0.02,536,0.028,0.12,0.83
500445,125000,100000,360,311,360,Garland,TX,75040,710,96547.83,0.08495,473,0.019,0.1,0.95
500446,370000,195000,360,344,360,Orlando,FL,32824,562,194999.99,0.1025,510,0.021,0.13,0.79
500447,218000,190000,366,316,336,Red Bluff,CA,96080,488,218789.2,0.02,512,0.046,0.09,0.85
500448,170000,32255,360,323,480,Cathlamet,WA,98612,576,32136.67,0.11999,475,0.116,0.06,0.83
500449,295000,221250,360,328,540,Stockton,CA,95204,620,219349.84,0.07125,551,0.102,0.13,0.75
500450,68000,57800,360,304,360,Dayton,OH,45408,,55704.61,0.092,725,0.049,0.08,0.6
500451,442000,402812,360,339,360,Alhambra,CA,91801,,392549.98,0.05,762,0.075,0.01,0.92
500452,105000,78500,360,305,360,Cincinnati,OH,45215,,75551.26,0.088,546,0.09,0.02,0.95
500453,183500,50000,360,308,540,Saint Charles,MO,63303,570,49380.02,0.0775,590,0.005,0,1
500454,166380,133100,360,308,360,Springtown,TX,76082,,126919.61,0.0725,494,0.005,0,1
500455,620000,434000,360,291,360,Los Angeles (Winnetka Are,CA,91306,,397676.69,0.0575,605,0.019,0.02,0.97
500456,138000,110400,360,325,540,Waterford,MI,48327,,109305.55,0.0699,654,0.042,0.05,0.87
500457,129000,96700,360,173,0,Los Angeles,CA,90047,550,79037.19,0.1075,675,0.032,0.12,0.82
500458,160000,128000,360,311,360,Jackson,MS,39211,668,122334.35,0.07125,656,0.08,0.03,0.95
500459,68000,40000,180,41,360,Pocomoke City,MD,21851,608,35507.54,0.1,612,0.127,0.15,0.99
500460,82000,62411,180,36,180,Columbus,OH,43024,769,20012.2,0.0749,,0.048,0.11,0.86
500461,125000,25000,360,311,360,Garland,TX,75040,710,24292.94,0.0999,473,0.013,0.07,0.83
500462,206000,133900,360,318,360,Porterville,CA,93257,536,130742.93,0.08,458,0.023,0.04,0.94
500463,244000,145000,366,315,480,Bolingbrook,IL,60440,569,155185.52,0.02,536,0.056,0.14,0.97
500464,125000,100000,360,311,360,Garland,TX,75040,710,96547.83,0.08495,473,0.028,0.12,0.83
500465,370000,195000,360,344,360,Orlando,FL,32824,562,194999.99,0.1025,510,0.019,0.1,0.95
500466,218000,190000,366,316,336,Red Bluff,CA,96080,488,218789.2,0.02,512,0.021,0.13,0.79
500467,170000,32255,360,323,480,Cathlamet,WA,98612,576,32136.67,0.11999,475,0.046,0.09,0.85
500468,295000,221250,360,328,540,Stockton,CA,95204,620,219349.84,0.07125,551,0.116,0.06,0.83
500469,68000,57800,360,304,360,Dayton,OH,45408,,55704.61,0.092,725,0.102,0.13,0.75
500470,442000,402812,360,339,360,Alhambra,CA,91801,,392549.98,0.05,762,0.049,0.08,0.6
500471,105000,78500,360,305,360,Cincinnati,OH,45215,,75551.26,0.088,546,0.075,0.01,0.92
500472,183500,50000,360,308,540,Saint Charles,MO,63303,570,49380.02,0.0775,590,0.09,0.02,0.95
500473,166380,133100,360,308,360,Springtown,TX,76082,,126919.61,0.0725,494,0.005,0,1
500474,620000,434000,360,291,360,Los Angeles (Winnetka Are,CA,91306,,397676.69,0.0575,605,0.005,0,1
500475,138000,110400,360,325,540,Waterford,MI,48327,,109305.55,0.0699,654,0.019,0.02,0.97
500476,129000,96700,360,173,0,Los Angeles,CA,90047,550,79037.19,0.1075,675,0.042,0.05,0.87
500477,160000,128000,360,311,360,Jackson,MS,39211,668,122334.35,0.07125,656,0.032,0.12,0.82
500478,68000,40000,180,41,360,Pocomoke City,MD,21851,608,35507.54,0.1,612,0.08,0.03,0.95
500479,82000,62411,180,36,180,Columbus,OH,43024,769,20012.2,0.0749,,0.127,0.15,0.99
500480,125000,25000,360,311,360,Garland,TX,75040,710,24292.94,0.0999,473,0.048,0.11,0.86
500481,206000,133900,360,318,360,Porterville,CA,93257,536,130742.93,0.08,458,0.013,0.07,0.83
500482,244000,145000,366,315,480,Bolingbrook,IL,60440,569,155185.52,0.02,536,0.023,0.04,0.94
500483,125000,100000,360,311,360,Garland,TX,75040,710,96547.83,0.08495,473,0.056,0.14,0.97
500484,370000,195000,360,344,360,Orlando,FL,32824,562,194999.99,0.1025,510,0.028,0.12,0.83
500485,218000,190000,366,316,336,Red Bluff,CA,96080,488,218789.2,0.02,512,0.019,0.1,0.95
500486,170000,32255,360,323,480,Cathlamet,WA,98612,576,32136.67,0.11999,475,0.021,0.13,0.79
500487,295000,221250,360,328,540,Stockton,CA,95204,620,219349.84,0.07125,551,0.046,0.09,0.85
500488,68000,57800,360,304,360,Dayton,OH,45408,,55704.61,0.092,725,0.116,0.06,0.83
500489,442000,402812,360,339,360,Alhambra,CA,91801,,392549.98,0.05,762,0.102,0.13,0.75
500490,105000,78500,360,305,360,Cincinnati,OH,45215,,75551.26,0.088,546,0.049,0.08,0.6
500491,183500,50000,360,308,540,Saint Charles,MO,63303,570,49380.02,0.0775,590,0.075,0.01,0.92
500492,166380,133100,360,308,360,Springtown,TX,76082,,126919.61,0.0725,494,0.09,0.02,0.95
500493,620000,434000,360,291,360,Los Angeles (Winnetka Are,CA,91306,,397676.69,0.0575,605,0.005,0,1
500494,138000,110400,360,325,540,Waterford,MI,48327,,109305.55,0.0699,654,0.005,0,1
500495,129000,96700,360,173,0,Los Angeles,CA,90047,550,79037.19,0.1075,675,0.019,0.02,0.97
500496,160000,128000,360,311,360,Jackson,MS,39211,668,122334.35,0.07125,656,0.042,0.05,0.87
500497,68000,40000,180,41,360,Pocomoke City,MD,21851,608,35507.54,0.1,612,0.032,0.12,0.82
500498,82000,62411,180,36,180,Columbus,OH,43024,769,20012.2,0.0749,,0.08,0.03,0.95
500499,125000,25000,360,311,360,Garland,TX,75040,710,24292.94,0.0999,473,0.127,0.15,0.99
500500,206000,133900,360,318,360,Porterville,CA,93257,536,130742.93,0.08,458,0.048,0.11,0.86
500501,244000,145000,366,315,480,Bolingbrook,IL,60440,569,155185.52,0.02,536,0.013,0.07,0.83
500502,125000,100000,360,311,360,Garland,TX,75040,710,96547.83,0.08495,473,0.023,0.04,0.94
500503,370000,195000,360,344,360,Orlando,FL,32824,562,194999.99,0.1025,510,0.056,0.14,0.97
500504,218000,190000,366,316,336,Red Bluff,CA,96080,488,218789.2,0.02,512,0.028,0.12,0.83
500505,170000,32255,360,323,480,Cathlamet,WA,98612,576,32136.67,0.11999,475,0.019,0.1,0.95
500506,295000,221250,360,328,540,Stockton,CA,95204,620,219349.84,0.07125,551,0.021,0.13,0.79
500507,68000,57800,360,304,360,Dayton,OH,45408,,55704.61,0.092,725,0.046,0.09,0.85
500508,442000,402812,360,339,360,Alhambra,CA,91801,,392549.98,0.05,762,0.116,0.06,0.83
500509,105000,78500,360,305,360,Cincinnati,OH,45215,,75551.26,0.088,546,0.102,0.13,0.75
500510,183500,50000,360,308,540,Saint Charles,MO,63303,570,49380.02,0.0775,590,0.049,0.08,0.6
500511,166380,133100,360,308,360,Springtown,TX,76082,,126919.61,0.0725,494,0.075,0.01,0.92
500512,620000,434000,360,291,360,Los Angeles (Winnetka Are,CA,91306,,397676.69,0.0575,605,0.09,0.02,0.95
500513,138000,110400,360,325,540,Waterford,MI,48327,,109305.55,0.0699,654,0.005,0,1
500514,129000,96700,360,173,0,Los Angeles,CA,90047,550,79037.19,0.1075,675,0.005,0,1
500515,160000,128000,360,311,360,Jackson,MS,39211,668,122334.35,0.07125,656,0.019,0.02,0.97
500516,68000,40000,180,41,360,Pocomoke City,MD,21851,608,35507.54,0.1,612,0.042,0.05,0.87
500517,82000,62411,180,36,180,Columbus,OH,43024,769,20012.2,0.0749,,0.032,0.12,0.82
500518,125000,25000,360,311,360,Garland,TX,75040,710,24292.94,0.0999,473,0.08,0.03,0.95
500519,206000,133900,360,318,360,Porterville,CA,93257,536,130742.93,0.08,458,0.127,0.15,0.99
500520,244000,145000,366,315,480,Bolingbrook,IL,60440,569,155185.52,0.02,536,0.048,0.11,0.86
500521,125000,100000,360,311,360,Garland,TX,75040,710,96547.83,0.08495,473,0.013,0.07,0.83
500522,370000,195000,360,344,360,Orlando,FL,32824,562,194999.99,0.1025,510,0.023,0.04,0.94
500523,218000,190000,366,316,336,Red Bluff,CA,96080,488,218789.2,0.02,512,0.056,0.14,0.97
500524,170000,32255,360,323,480,Cathlamet,WA,98612,576,32136.67,0.11999,475,0.028,0.12,0.83
500525,295000,221250,360,328,540,Stockton,CA,95204,620,219349.84,0.07125,551,0.019,0.1,0.95
500526,68000,57800,360,304,360,Dayton,OH,45408,,55704.61,0.092,725,0.021,0.13,0.79
500527,442000,402812,360,339,360,Alhambra,CA,91801,,392549.98,0.05,762,0.046,0.09,0.85
500528,105000,78500,360,305,360,Cincinnati,OH,45215,,75551.26,0.088,546,0.116,0.06,0.83
500529,183500,50000,360,308,540,Saint Charles,MO,63303,570,49380.02,0.0775,590,0.102,0.13,0.75
500530,166380,133100,360,308,360,Springtown,TX,76082,,126919.61,0.0725,494,0.049,0.08,0.6
500531,620000,434000,360,291,360,Los Angeles (Winnetka Are,CA,91306,,397676.69,0.0575,605,0.075,0.01,0.92
500532,138000,110400,360,325,540,Waterford,MI,48327,,109305.55,0.0699,654,0.09,0.02,0.95
500533,129000,96700,360,173,0,Los Angeles,CA,90047,550,79037.19,0.1075,675,0.005,0,1
500534,160000,128000,360,311,360,Jackson,MS,39211,668,122334.35,0.07125,656,0.005,0,1
500535,68000,40000,180,41,360,Pocomoke City,MD,21851,608,35507.54,0.1,612,0.019,0.02,0.97
500536,82000,62411,180,36,180,Columbus,OH,43024,769,20012.2,0.0749,,0.042,0.05,0.87
500537,125000,25000,360,311,360,Garland,TX,75040,710,24292.94,0.0999,473,0.032,0.12,0.82
500538,206000,133900,360,318,360,Porterville,CA,93257,536,130742.93,0.08,458,0.08,0.03,0.95
500539,244000,145000,366,315,480,Bolingbrook,IL,60440,569,155185.52,0.02,536,0.127,0.15,0.99
500540,125000,100000,360,311,360,Garland,TX,75040,710,96547.83,0.08495,473,0.048,0.11,0.86
500541,370000,195000,360,344,360,Orlando,FL,32824,562,194999.99,0.1025,510,0.013,0.07,0.83
500542,218000,190000,366,316,336,Red Bluff,CA,96080,488,218789.2,0.02,512,0.023,0.04,0.94
500543,170000,32255,360,323,480,Cathlamet,WA,98612,576,32136.67,0.11999,475,0.056,0.14,0.97
500544,295000,221250,360,328,540,Stockton,CA,95204,620,219349.84,0.07125,551,0.028,0.12,0.83
500545,68000,57800,360,304,360,Dayton,OH,45408,,55704.61,0.092,725,0.019,0.1,0.95
500546,442000,402812,360,339,360,Alhambra,CA,91801,,392549.98,0.05,762,0.021,0.13,0.79
500547,105000,78500,360,305,360,Cincinnati,OH,45215,,75551.26,0.088,546,0.046,0.09,0.85
500548,183500,50000,360,308,540,Saint Charles,MO,63303,570,49380.02,0.0775,590,0.116,0.06,0.83
500549,166380,133100,360,308,360,Springtown,TX,76082,,126919.61,0.0725,494,0.102,0.13,0.75
500550,620000,434000,360,291,360,Los Angeles (Winnetka Are,CA,91306,,397676.69,0.0575,605,0.049,0.08,0.6
500551,138000,110400,360,325,540,Waterford,MI,48327,,109305.55,0.0699,654,0.075,0.01,0.92
500552,129000,96700,360,173,0,Los Angeles,CA,90047,550,79037.19,0.1075,675,0.09,0.02,0.95
500553,160000,128000,360,311,360,Jackson,MS,39211,668,122334.35,0.07125,656,0.005,0,1
500554,68000,40000,180,41,360,Pocomoke City,MD,21851,608,35507.54,0.1,612,0.005,0,1
500555,82000,62411,180,36,180,Columbus,OH,43024,769,20012.2,0.0749,,0.019,0.02,0.97
500556,125000,25000,360,311,360,Garland,TX,75040,710,24292.94,0.0999,473,0.042,0.05,0.87
500557,206000,133900,360,318,360,Porterville,CA,93257,536,130742.93,0.08,458,0.032,0.12,0.82
500558,244000,145000,366,315,480,Bolingbrook,IL,60440,569,155185.52,0.02,536,0.08,0.03,0.95
500559,125000,100000,360,311,360,Garland,TX,75040,710,96547.83,0.08495,473,0.127,0.15,0.99
500560,370000,195000,360,344,360,Orlando,FL,32824,562,194999.99,0.1025,510,0.048,0.11,0.86
500561,218000,190000,366,316,336,Red Bluff,CA,96080,488,218789.2,0.02,512,0.013,0.07,0.83
500562,170000,32255,360,323,480,Cathlamet,WA,98612,576,32136.67,0.11999,475,0.023,0.04,0.94
500563,295000,221250,360,328,540,Stockton,CA,95204,620,219349.84,0.07125,551,0.056,0.14,0.97
500564,68000,57800,360,304,360,Dayton,OH,45408,,55704.61,0.092,725,0.028,0.12,0.83
500565,442000,402812,360,339,360,Alhambra,CA,91801,,392549.98,0.05,762,0.019,0.1,0.95
500566,105000,78500,360,305,360,Cincinnati,OH,45215,,75551.26,0.088,546,0.021,0.13,0.79
500567,183500,50000,360,308,540,Saint Charles,MO,63303,570,49380.02,0.0775,590,0.046,0.09,0.85
500568,166380,133100,360,308,360,Springtown,TX,76082,,126919.61,0.0725,494,0.116,0.06,0.83
500569,620000,434000,360,291,360,Los Angeles (Winnetka Are,CA,91306,,397676.69,0.0575,605,0.102,0.13,0.75
500570,138000,110400,360,325,540,Waterford,MI,48327,,109305.55,0.0699,654,0.049,0.08,0.6
500571,129000,96700,360,173,0,Los Angeles,CA,90047,550,79037.19,0.1075,675,0.075,0.01,0.92
500572,160000,128000,360,311,360,Jackson,MS,39211,668,122334.35,0.07125,656,0.09,0.02,0.95
500573,68000,40000,180,41,360,Pocomoke City,MD,21851,608,35507.54,0.1,612,0.005,0,1
500574,82000,62411,180,36,180,Columbus,OH,43024,769,20012.2,0.0749,,0.005,0,1
500575,125000,25000,360,311,360,Garland,TX,75040,710,24292.94,0.0999,473,0.019,0.02,0.97
500576,206000,133900,360,318,360,Porterville,CA,93257,536,130742.93,0.08,458,0.042,0.05,0.87
500577,244000,145000,366,315,480,Bolingbrook,IL,60440,569,155185.52,0.02,536,0.032,0.12,0.82
500578,125000,100000,360,311,360,Garland,TX,75040,710,96547.83,0.08495,473,0.08,0.03,0.95
500579,370000,195000,360,344,360,Orlando,FL,32824,562,194999.99,0.1025,510,0.127,0.15,0.99
500580,218000,190000,366,316,336,Red Bluff,CA,96080,488,218789.2,0.02,512,0.048,0.11,0.86
500581,170000,32255,360,323,480,Cathlamet,WA,98612,576,32136.67,0.11999,475,0.013,0.07,0.83
500582,295000,221250,360,328,540,Stockton,CA,95204,620,219349.84,0.07125,551,0.023,0.04,0.94
500583,68000,57800,360,304,360,Dayton,OH,45408,,55704.61,0.092,725,0.056,0.14,0.97
500584,442000,402812,360,339,360,Alhambra,CA,91801,,392549.98,0.05,762,0.028,0.12,0.83
500585,105000,78500,360,305,360,Cincinnati,OH,45215,,75551.26,0.088,546,0.019,0.1,0.95
500586,183500,50000,360,308,540,Saint Charles,MO,63303,570,49380.02,0.0775,590,0.021,0.13,0.79
500587,166380,133100,360,308,360,Springtown,TX,76082,,126919.61,0.0725,494,0.046,0.09,0.85
500588,620000,434000,360,291,360,Los Angeles (Winnetka Are,CA,91306,,397676.69,0.0575,605,0.116,0.06,0.83
500589,138000,110400,360,325,540,Waterford,MI,48327,,109305.55,0.0699,654,0.102,0.13,0.75
500590,129000,96700,360,173,0,Los Angeles,CA,90047,550,79037.19,0.1075,675,0.049,0.08,0.6
500591,160000,128000,360,311,360,Jackson,MS,39211,668,122334.35,0.07125,656,0.075,0.01,0.92
500592,68000,40000,180,41,360,Pocomoke City,MD,21851,608,35507.54,0.1,612,0.09,0.02,0.95
500593,82000,62411,180,36,180,Columbus,OH,43024,769,20012.2,0.0749,,0.005,0,1
500594,125000,25000,360,311,360,Garland,TX,75040,710,24292.94,0.0999,473,0.005,0,1
500595,206000,133900,360,318,360,Porterville,CA,93257,536,130742.93,0.08,458,0.019,0.02,0.97
500596,244000,145000,366,315,480,Bolingbrook,IL,60440,569,155185.52,0.02,536,0.042,0.05,0.87
500597,125000,100000,360,311,360,Garland,TX,75040,710,96547.83,0.08495,473,0.032,0.12,0.82
500598,370000,195000,360,344,360,Orlando,FL,32824,562,194999.99,0.1025,510,0.08,0.03,0.95
500599,218000,190000,366,316,336,Red Bluff,CA,96080,488,218789.2,0.02,512,0.127,0.15,0.99
500600,170000,32255,360,323,480,Cathlamet,WA,98612,576,32136.67,0.11999,475,0.048,0.11,0.86
500601,295000,221250,360,328,540,Stockton,CA,95204,620,219349.84,0.07125,551,0.013,0.07,0.83
500602,68000,57800,360,304,360,Dayton,OH,45408,,55704.61,0.092,725,0.023,0.04,0.94
500603,442000,402812,360,339,360,Alhambra,CA,91801,,392549.98,0.05,762,0.056,0.14,0.97
500604,105000,78500,360,305,360,Cincinnati,OH,45215,,75551.26,0.088,546,0.028,0.12,0.83
500605,183500,50000,360,308,540,Saint Charles,MO,63303,570,49380.02,0.0775,590,0.019,0.1,0.95
500606,166380,133100,360,308,360,Springtown,TX,76082,,126919.61,0.0725,494,0.021,0.13,0.79
500607,620000,434000,360,291,360,Los Angeles (Winnetka Are,CA,91306,,397676.69,0.0575,605,0.046,0.09,0.85
500608,138000,110400,360,325,540,Waterford,MI,48327,,109305.55,0.0699,654,0.116,0.06,0.83
500609,129000,96700,360,173,0,Los Angeles,CA,90047,550,79037.19,0.1075,675,0.102,0.13,0.75
500610,160000,128000,360,311,360,Jackson,MS,39211,668,122334.35,0.07125,656,0.049,0.08,0.6
500611,68000,40000,180,41,360,Pocomoke City,MD,21851,608,35507.54,0.1,612,0.075,0.01,0.92
500612,82000,62411,180,36,180,Columbus,OH,43024,769,20012.2,0.0749,,0.09,0.02,0.95
500613,125000,25000,360,311,360,Garland,TX,75040,710,24292.94,0.0999,473,0.005,0,1
500614,206000,133900,360,318,360,Porterville,CA,93257,536,130742.93,0.08,458,0.005,0,1
500615,244000,145000,366,315,480,Bolingbrook,IL,60440,569,155185.52,0.02,536,0.019,0.02,0.97
500616,125000,100000,360,311,360,Garland,TX,75040,710,96547.83,0.08495,473,0.042,0.05,0.87
500617,370000,195000,360,344,360,Orlando,FL,32824,562,194999.99,0.1025,510,0.032,0.12,0.82
500618,218000,190000,366,316,336,Red Bluff,CA,96080,488,218789.2,0.02,512,0.08,0.03,0.95
500619,170000,32255,360,323,480,Cathlamet,WA,98612,576,32136.67,0.11999,475,0.127,0.15,0.99
500620,295000,221250,360,328,540,Stockton,CA,95204,620,219349.84,0.07125,551,0.048,0.11,0.86
500621,68000,57800,360,304,360,Dayton,OH,45408,,55704.61,0.092,725,0.013,0.07,0.83
500622,442000,402812,360,339,360,Alhambra,CA,91801,,392549.98,0.05,762,0.023,0.04,0.94
500623,105000,78500,360,305,360,Cincinnati,OH,45215,,75551.26,0.088,546,0.056,0.14,0.97
500624,183500,50000,360,308,540,Saint Charles,MO,63303,570,49380.02,0.0775,590,0.028,0.12,0.83
500625,166380,133100,360,308,360,Springtown,TX,76082,,126919.61,0.0725,494,0.019,0.1,0.95
500626,620000,434000,360,291,360,Los Angeles (Winnetka Are,CA,91306,,397676.69,0.0575,605,0.021,0.13,0.79
500627,138000,110400,360,325,540,Waterford,MI,48327,,109305.55,0.0699,654,0.046,0.09,0.85
500628,129000,96700,360,173,0,Los Angeles,CA,90047,550,79037.19,0.1075,675,0.116,0.06,0.83
500629,160000,128000,360,311,360,Jackson,MS,39211,668,122334.35,0.07125,656,0.102,0.13,0.75
500630,68000,40000,180,41,360,Pocomoke City,MD,21851,608,35507.54,0.1,612,0.049,0.08,0.6
500631,82000,62411,180,36,180,Columbus,OH,43024,769,20012.2,0.0749,,0.075,0.01,0.92
500632,125000,25000,360,311,360,Garland,TX,75040,710,24292.94,0.0999,473,0.09,0.02,0.95
500633,206000,133900,360,318,360,Porterville,CA,93257,536,130742.93,0.08,458,0.005,0,1
500634,244000,145000,366,315,480,Bolingbrook,IL,60440,569,155185.52,0.02,536,0.005,0,1
500635,125000,100000,360,311,360,Garland,TX,75040,710,96547.83,0.08495,473,0.019,0.02,0.97
500636,370000,195000,360,344,360,Orlando,FL,32824,562,194999.99,0.1025,510,0.042,0.05,0.87
500637,218000,190000,366,316,336,Red Bluff,CA,96080,488,218789.2,0.02,512,0.032,0.12,0.82
500638,170000,32255,360,323,480,Cathlamet,WA,98612,576,32136.67,0.11999,475,0.08,0.03,0.95
500639,295000,221250,360,328,540,Stockton,CA,95204,620,219349.84,0.07125,551,0.127,0.15,0.99
500640,68000,57800,360,304,360,Dayton,OH,45408,,55704.61,0.092,725,0.048,0.11,0.86
500641,442000,402812,360,339,360,Alhambra,CA,91801,,392549.98,0.05,762,0.013,0.07,0.83
500642,105000,78500,360,305,360,Cincinnati,OH,45215,,75551.26,0.088,546,0.023,0.04,0.94
500643,183500,50000,360,308,540,Saint Charles,MO,63303,570,49380.02,0.0775,590,0.056,0.14,0.97
500644,166380,133100,360,308,360,Springtown,TX,76082,,126919.61,0.0725,494,0.028,0.12,0.83
500645,620000,434000,360,291,360,Los Angeles (Winnetka Are,CA,91306,,397676.69,0.0575,605,0.019,0.1,0.95
500646,138000,110400,360,325,540,Waterford,MI,48327,,109305.55,0.0699,654,0.021,0.13,0.79
500647,129000,96700,360,173,0,Los Angeles,CA,90047,550,79037.19,0.1075,675,0.046,0.09,0.85
500648,160000,128000,360,311,360,Jackson,MS,39211,668,122334.35,0.07125,656,0.116,0.06,0.83
500649,68000,40000,180,41,360,Pocomoke City,MD,21851,608,35507.54,0.1,612,0.102,0.13,0.75
500650,82000,62411,180,36,180,Columbus,OH,43024,769,20012.2,0.0749,,0.049,0.08,0.6
500651,125000,25000,360,311,360,Garland,TX,75040,710,24292.94,0.0999,473,0.075,0.01,0.92
500652,206000,133900,360,318,360,Porterville,CA,93257,536,130742.93,0.08,458,0.09,0.02,0.95
500653,244000,145000,366,315,480,Bolingbrook,IL,60440,569,155185.52,0.02,536,0.005,0,1
500654,125000,100000,360,311,360,Garland,TX,75040,710,96547.83,0.08495,473,0.005,0,1
500655,370000,195000,360,344,360,Orlando,FL,32824,562,194999.99,0.1025,510,0.019,0.02,0.97
500656,218000,190000,366,316,336,Red Bluff,CA,96080,488,218789.2,0.02,512,0.042,0.05,0.87
500657,170000,32255,360,323,480,Cathlamet,WA,98612,576,32136.67,0.11999,475,0.032,0.12,0.82
500658,295000,221250,360,328,540,Stockton,CA,95204,620,219349.84,0.07125,551,0.08,0.03,0.95
500659,68000,57800,360,304,360,Dayton,OH,45408,,55704.61,0.092,725,0.127,0.15,0.99
500660,442000,402812,360,339,360,Alhambra,CA,91801,,392549.98,0.05,762,0.048,0.11,0.86
500661,105000,78500,360,305,360,Cincinnati,OH,45215,,75551.26,0.088,546,0.013,0.07,0.83
500662,183500,50000,360,308,540,Saint Charles,MO,63303,570,49380.02,0.0775,590,0.023,0.04,0.94
500663,166380,133100,360,308,360,Springtown,TX,76082,,126919.61,0.0725,494,0.056,0.14,0.97
500664,620000,434000,360,291,360,Los Angeles (Winnetka Are,CA,91306,,397676.69,0.0575,605,0.028,0.12,0.83
500665,138000,110400,360,325,540,Waterford,MI,48327,,109305.55,0.0699,654,0.019,0.1,0.95
500666,129000,96700,360,173,0,Los Angeles,CA,90047,550,79037.19,0.1075,675,0.021,0.13,0.79
500667,160000,128000,360,311,360,Jackson,MS,39211,668,122334.35,0.07125,656,0.046,0.09,0.85
500668,68000,40000,180,41,360,Pocomoke City,MD,21851,608,35507.54,0.1,612,0.116,0.06,0.83
500669,82000,62411,180,36,180,Columbus,OH,43024,769,20012.2,0.0749,,0.102,0.13,0.75
500670,125000,25000,360,311,360,Garland,TX,75040,710,24292.94,0.0999,473,0.049,0.08,0.6
500671,206000,133900,360,318,360,Porterville,CA,93257,536,130742.93,0.08,458,0.075,0.01,0.92
500672,244000,145000,366,315,480,Bolingbrook,IL,60440,569,155185.52,0.02,536,0.09,0.02,0.95
500673,125000,100000,360,311,360,Garland,TX,75040,710,96547.83,0.08495,473,0.005,0,1
500674,370000,195000,360,344,360,Orlando,FL,32824,562,194999.99,0.1025,510,0.005,0,1
500675,218000,190000,366,316,336,Red Bluff,CA,96080,488,218789.2,0.02,512,0.019,0.02,0.97
500676,170000,32255,360,323,480,Cathlamet,WA,98612,576,32136.67,0.11999,475,0.042,0.05,0.87
500677,295000,221250,360,328,540,Stockton,CA,95204,620,219349.84,0.07125,551,0.032,0.12,0.82
500678,68000,57800,360,304,360,Dayton,OH,45408,,55704.61,0.092,725,0.08,0.03,0.95
500679,442000,402812,360,339,360,Alhambra,CA,91801,,392549.98,0.05,762,0.127,0.15,0.99
500680,105000,78500,360,305,360,Cincinnati,OH,45215,,75551.26,0.088,546,0.048,0.11,0.86
500681,183500,50000,360,308,540,Saint Charles,MO,63303,570,49380.02,0.0775,590,0.013,0.07,0.83
500682,166380,133100,360,308,360,Springtown,TX,76082,,126919.61,0.0725,494,0.023,0.04,0.94
500683,620000,434000,360,291,360,Los Angeles (Winnetka Are,CA,91306,,397676.69,0.0575,605,0.056,0.14,0.97
500684,138000,110400,360,325,540,Waterford,MI,48327,,109305.55,0.0699,654,0.028,0.12,0.83
500685,129000,96700,360,173,0,Los Angeles,CA,90047,550,79037.19,0.1075,675,0.019,0.1,0.95
500686,160000,128000,360,311,360,Jackson,MS,39211,668,122334.35,0.07125,656,0.021,0.13,0.79
500687,68000,40000,180,41,360,Pocomoke City,MD,21851,608,35507.54,0.1,612,0.046,0.09,0.85
500688,82000,62411,180,36,180,Columbus,OH,43024,769,20012.2,0.0749,,0.116,0.06,0.83
500689,125000,25000,360,311,360,Garland,TX,75040,710,24292.94,0.0999,473,0.102,0.13,0.75
500690,206000,133900,360,318,360,Porterville,CA,93257,536,130742.93,0.08,458,0.049,0.08,0.6
500691,244000,145000,366,315,480,Bolingbrook,IL,60440,569,155185.52,0.02,536,0.075,0.01,0.92
500692,125000,100000,360,311,360,Garland,TX,75040,710,96547.83,0.08495,473,0.09,0.02,0.95
500693,370000,195000,360,344,360,Orlando,FL,32824,562,194999.99,0.1025,510,0.005,0,1
500694,218000,190000,366,316,336,Red Bluff,CA,96080,488,218789.2,0.02,512,0.005,0,1
500695,170000,32255,360,323,480,Cathlamet,WA,98612,576,32136.67,0.11999,475,0.019,0.02,0.97
500696,295000,221250,360,328,540,Stockton,CA,95204,620,219349.84,0.07125,551,0.042,0.05,0.87
500697,68000,57800,360,304,360,Dayton,OH,45408,,55704.61,0.092,725,0.032,0.12,0.82
500698,442000,402812,360,339,360,Alhambra,CA,91801,,392549.98,0.05,762,0.08,0.03,0.95
500699,105000,78500,360,305,360,Cincinnati,OH,45215,,75551.26,0.088,546,0.127,0.15,0.99
500700,183500,50000,360,308,540,Saint Charles,MO,63303,570,49380.02,0.0775,590,0.048,0.11,0.86
500701,166380,133100,360,308,360,Springtown,TX,76082,,126919.61,0.0725,494,0.013,0.07,0.83
500702,620000,434000,360,291,360,Los Angeles (Winnetka Are,CA,91306,,397676.69,0.0575,605,0.023,0.04,0.94
500703,138000,110400,360,325,540,Waterford,MI,48327,,109305.55,0.0699,654,0.056,0.14,0.97
500704,129000,96700,360,173,0,Los Angeles,CA,90047,550,79037.19,0.1075,675,0.028,0.12,0.83
500705,160000,128000,360,311,360,Jackson,MS,39211,668,122334.35,0.07125,656,0.019,0.1,0.95
500706,68000,40000,180,41,360,Pocomoke City,MD,21851,608,35507.54,0.1,612,0.021,0.13,0.79
500707,82000,62411,180,36,180,Columbus,OH,43024,769,20012.2,0.0749,,0.046,0.09,0.85
500708,125000,25000,360,311,360,Garland,TX,75040,710,24292.94,0.0999,473,0.116,0.06,0.83
500709,206000,133900,360,318,360,Porterville,CA,93257,536,130742.93,0.08,458,0.102,0.13,0.75
500710,244000,145000,366,315,480,Bolingbrook,IL,60440,569,155185.52,0.02,536,0.049,0.08,0.6
500711,125000,100000,360,311,360,Garland,TX,75040,710,96547.83,0.08495,473,0.075,0.01,0.92
500712,370000,195000,360,344,360,Orlando,FL,32824,562,194999.99,0.1025,510,0.09,0.02,0.95
500713,218000,190000,366,316,336,Red Bluff,CA,96080,488,218789.2,0.02,512,0.005,0,1
500714,170000,32255,360,323,480,Cathlamet,WA,98612,576,32136.67,0.11999,475,0.005,0,1
500715,295000,221250,360,328,540,Stockton,CA,95204,620,219349.84,0.07125,551,0.019,0.02,0.97
500716,68000,57800,360,304,360,Dayton,OH,45408,,55704.61,0.092,725,0.042,0.05,0.87
500717,442000,402812,360,339,360,Alhambra,CA,91801,,392549.98,0.05,762,0.032,0.12,0.82
500718,105000,78500,360,305,360,Cincinnati,OH,45215,,75551.26,0.088,546,0.08,0.03,0.95
500719,183500,50000,360,308,540,Saint Charles,MO,63303,570,49380.02,0.0775,590,0.127,0.15,0.99
500720,166380,133100,360,308,360,Springtown,TX,76082,,126919.61,0.0725,494,0.048,0.11,0.86
500721,620000,434000,360,291,360,Los Angeles (Winnetka Are,CA,91306,,397676.69,0.0575,605,0.013,0.07,0.83
500722,138000,110400,360,325,540,Waterford,MI,48327,,109305.55,0.0699,654,0.023,0.04,0.94
500723,129000,96700,360,173,0,Los Angeles,CA,90047,550,79037.19,0.1075,675,0.056,0.14,0.97
500724,160000,128000,360,311,360,Jackson,MS,39211,668,122334.35,0.07125,656,0.028,0.12,0.83
500725,68000,40000,180,41,360,Pocomoke City,MD,21851,608,35507.54,0.1,612,0.019,0.1,0.95
500726,82000,62411,180,36,180,Columbus,OH,43024,769,20012.2,0.0749,,0.021,0.13,0.79
500727,125000,25000,360,311,360,Garland,TX,75040,710,24292.94,0.0999,473,0.046,0.09,0.85
500728,206000,133900,360,318,360,Porterville,CA,93257,536,130742.93,0.08,458,0.116,0.06,0.83
500729,244000,145000,366,315,480,Bolingbrook,IL,60440,569,155185.52,0.02,536,0.102,0.13,0.75
500730,125000,100000,360,311,360,Garland,TX,75040,710,96547.83,0.08495,473,0.049,0.08,0.6
500731,370000,195000,360,344,360,Orlando,FL,32824,562,194999.99,0.1025,510,0.075,0.01,0.92
500732,218000,190000,366,316,336,Red Bluff,CA,96080,488,218789.2,0.02,512,0.09,0.02,0.95
500733,170000,32255,360,323,480,Cathlamet,WA,98612,576,32136.67,0.11999,475,0.005,0,1
500734,295000,221250,360,328,540,Stockton,CA,95204,620,219349.84,0.07125,551,0.005,0,1
500735,68000,57800,360,304,360,Dayton,OH,45408,,55704.61,0.092,725,0.019,0.02,0.97
500736,442000,402812,360,339,360,Alhambra,CA,91801,,392549.98,0.05,762,0.042,0.05,0.87
500737,105000,78500,360,305,360,Cincinnati,OH,45215,,75551.26,0.088,546,0.032,0.12,0.82
500738,183500,50000,360,308,540,Saint Charles,MO,63303,570,49380.02,0.0775,590,0.08,0.03,0.95
500739,166380,133100,360,308,360,Springtown,TX,76082,,126919.61,0.0725,494,0.127,0.15,0.99
500740,620000,434000,360,291,360,Los Angeles (Winnetka Are,CA,91306,,397676.69,0.0575,605,0.048,0.11,0.86
500741,138000,110400,360,325,540,Waterford,MI,48327,,109305.55,0.0699,654,0.013,0.07,0.83
500742,129000,96700,360,173,0,Los Angeles,CA,90047,550,79037.19,0.1075,675,0.023,0.04,0.94
500743,160000,128000,360,311,360,Jackson,MS,39211,668,122334.35,0.07125,656,0.056,0.14,0.97
500744,68000,40000,180,41,360,Pocomoke City,MD,21851,608,35507.54,0.1,612,0.028,0.12,0.83
500745,82000,62411,180,36,180,Columbus,OH,43024,769,20012.2,0.0749,,0.019,0.1,0.95
500746,125000,25000,360,311,360,Garland,TX,75040,710,24292.94,0.0999,473,0.021,0.13,0.79
500747,206000,133900,360,318,360,Porterville,CA,93257,536,130742.93,0.08,458,0.046,0.09,0.85
500748,244000,145000,366,315,480,Bolingbrook,IL,60440,569,155185.52,0.02,536,0.116,0.06,0.83
500749,125000,100000,360,311,360,Garland,TX,75040,710,96547.83,0.08495,473,0.102,0.13,0.75
500750,370000,195000,360,344,360,Orlando,FL,32824,562,194999.99,0.1025,510,0.049,0.08,0.6
500751,218000,190000,366,316,336,Red Bluff,CA,96080,488,218789.2,0.02,512,0.075,0.01,0.92
500752,170000,32255,360,323,480,Cathlamet,WA,98612,576,32136.67,0.11999,475,0.09,0.02,0.95
500753,295000,221250,360,328,540,Stockton,CA,95204,620,219349.84,0.07125,551,0.005,0,1
500754,68000,57800,360,304,360,Dayton,OH,45408,,55704.61,0.092,725,0.005,0,1
500755,442000,402812,360,339,360,Alhambra,CA,91801,,392549.98,0.05,762,0.019,0.02,0.97
500756,105000,78500,360,305,360,Cincinnati,OH,45215,,75551.26,0.088,546,0.042,0.05,0.87
500757,183500,50000,360,308,540,Saint Charles,MO,63303,570,49380.02,0.0775,590,0.032,0.12,0.82
500758,166380,133100,360,308,360,Springtown,TX,76082,,126919.61,0.0725,494,0.08,0.03,0.95
500759,620000,434000,360,291,360,Los Angeles (Winnetka Are,CA,91306,,397676.69,0.0575,605,0.127,0.15,0.99
500760,138000,110400,360,325,540,Waterford,MI,48327,,109305.55,0.0699,654,0.048,0.11,0.86
500761,129000,96700,360,173,0,Los Angeles,CA,90047,550,79037.19,0.1075,675,0.013,0.07,0.83
500762,160000,128000,360,311,360,Jackson,MS,39211,668,122334.35,0.07125,656,0.023,0.04,0.94
500763,68000,40000,180,41,360,Pocomoke City,MD,21851,608,35507.54,0.1,612,0.056,0.14,0.97
500764,82000,62411,180,36,180,Columbus,OH,43024,769,20012.2,0.0749,,0.028,0.12,0.83
500765,125000,25000,360,311,360,Garland,TX,75040,710,24292.94,0.0999,473,0.019,0.1,0.95
500766,206000,133900,360,318,360,Porterville,CA,93257,536,130742.93,0.08,458,0.021,0.13,0.79
500767,244000,145000,366,315,480,Bolingbrook,IL,60440,569,155185.52,0.02,536,0.046,0.09,0.85
500768,125000,100000,360,311,360,Garland,TX,75040,710,96547.83,0.08495,473,0.116,0.06,0.83
500769,370000,195000,360,344,360,Orlando,FL,32824,562,194999.99,0.1025,510,0.102,0.13,0.75
500770,218000,190000,366,316,336,Red Bluff,CA,96080,488,218789.2,0.02,512,0.049,0.08,0.6
500771,170000,32255,360,323,480,Cathlamet,WA,98612,576,32136.67,0.11999,475,0.075,0.01,0.92
500772,295000,221250,360,328,540,Stockton,CA,95204,620,219349.84,0.07125,551,0.09,0.02,0.95
500773,68000,57800,360,304,360,Dayton,OH,45408,,55704.61,0.092,725,0.005,0,1
500774,442000,402812,360,339,360,Alhambra,CA,91801,,392549.98,0.05,762,0.005,0,1
500775,105000,78500,360,305,360,Cincinnati,OH,45215,,75551.26,0.088,546,0.019,0.02,0.97
500776,183500,50000,360,308,540,Saint Charles,MO,63303,570,49380.02,0.0775,590,0.042,0.05,0.87
500777,166380,133100,360,308,360,Springtown,TX,76082,,126919.61,0.0725,494,0.032,0.12,0.82
500778,620000,434000,360,291,360,Los Angeles (Winnetka Are,CA,91306,,397676.69,0.0575,605,0.08,0.03,0.95
500779,138000,110400,360,325,540,Waterford,MI,48327,,109305.55,0.0699,654,0.127,0.15,0.99
500780,129000,96700,360,173,0,Los Angeles,CA,90047,550,79037.19,0.1075,675,0.048,0.11,0.86
500781,160000,128000,360,311,360,Jackson,MS,39211,668,122334.35,0.07125,656,0.013,0.07,0.83
500782,68000,40000,180,41,360,Pocomoke City,MD,21851,608,35507.54,0.1,612,0.023,0.04,0.94
500783,82000,62411,180,36,180,Columbus,OH,43024,769,20012.2,0.0749,,0.056,0.14,0.97
500784,125000,25000,360,311,360,Garland,TX,75040,710,24292.94,0.0999,473,0.028,0.12,0.83
500785,206000,133900,360,318,360,Porterville,CA,93257,536,130742.93,0.08,458,0.019,0.1,0.95
500786,244000,145000,366,315,480,Bolingbrook,IL,60440,569,155185.52,0.02,536,0.021,0.13,0.79
500787,125000,100000,360,311,360,Garland,TX,75040,710,96547.83,0.08495,473,0.046,0.09,0.85
500788,370000,195000,360,344,360,Orlando,FL,32824,562,194999.99,0.1025,510,0.116,0.06,0.83
500789,218000,190000,366,316,336,Red Bluff,CA,96080,488,218789.2,0.02,512,0.102,0.13,0.75
500790,170000,32255,360,323,480,Cathlamet,WA,98612,576,32136.67,0.11999,475,0.049,0.08,0.6
500791,295000,221250,360,328,540,Stockton,CA,95204,620,219349.84,0.07125,551,0.075,0.01,0.92
500792,68000,57800,360,304,360,Dayton,OH,45408,,55704.61,0.092,725,0.09,0.02,0.95
500793,442000,402812,360,339,360,Alhambra,CA,91801,,392549.98,0.05,762,0.005,0,1
500794,105000,78500,360,305,360,Cincinnati,OH,45215,,75551.26,0.088,546,0.005,0,1
500795,183500,50000,360,308,540,Saint Charles,MO,63303,570,49380.02,0.0775,590,0.019,0.02,0.97
500796,166380,133100,360,308,360,Springtown,TX,76082,,126919.61,0.0725,494,0.042,0.05,0.87
500797,620000,434000,360,291,360,Los Angeles (Winnetka Are,CA,91306,,397676.69,0.0575,605,0.032,0.12,0.82
500798,138000,110400,360,325,540,Waterford,MI,48327,,109305.55,0.0699,654,0.08,0.03,0.95
500799,129000,96700,360,173,0,Los Angeles,CA,90047,550,79037.19,0.1075,675,0.127,0.15,0.99
500800,160000,128000,360,311,360,Jackson,MS,39211,668,122334.35,0.07125,656,0.048,0.11,0.86
500801,68000,40000,180,41,360,Pocomoke City,MD,21851,608,35507.54,0.1,612,0.013,0.07,0.83
500802,82000,62411,180,36,180,Columbus,OH,43024,769,20012.2,0.0749,,0.023,0.04,0.94
500803,125000,25000,360,311,360,Garland,TX,75040,710,24292.94,0.0999,473,0.056,0.14,0.97
500804,206000,133900,360,318,360,Porterville,CA,93257,536,130742.93,0.08,458,0.028,0.12,0.83
500805,244000,145000,366,315,480,Bolingbrook,IL,60440,569,155185.52,0.02,536,0.019,0.1,0.95
500806,125000,100000,360,311,360,Garland,TX,75040,710,96547.83,0.08495,473,0.021,0.13,0.79
500807,370000,195000,360,344,360,Orlando,FL,32824,562,194999.99,0.1025,510,0.046,0.09,0.85
500808,218000,190000,366,316,336,Red Bluff,CA,96080,488,218789.2,0.02,512,0.116,0.06,0.83
500809,170000,32255,360,323,480,Cathlamet,WA,98612,576,32136.67,0.11999,475,0.102,0.13,0.75
500810,295000,221250,360,328,540,Stockton,CA,95204,620,219349.84,0.07125,551,0.049,0.08,0.6
500811,68000,57800,360,304,360,Dayton,OH,45408,,55704.61,0.092,725,0.075,0.01,0.92
500812,442000,402812,360,339,360,Alhambra,CA,91801,,392549.98,0.05,762,0.09,0.02,0.95
500813,105000,78500,360,305,360,Cincinnati,OH,45215,,75551.26,0.088,546,0.005,0,1
500814,183500,50000,360,308,540,Saint Charles,MO,63303,570,49380.02,0.0775,590,0.005,0,1
500815,166380,133100,360,308,360,Springtown,TX,76082,,126919.61,0.0725,494,0.019,0.02,0.97
500816,620000,434000,360,291,360,Los Angeles (Winnetka Are,CA,91306,,397676.69,0.0575,605,0.042,0.05,0.87
500817,138000,110400,360,325,540,Waterford,MI,48327,,109305.55,0.0699,654,0.032,0.12,0.82
500818,129000,96700,360,173,0,Los Angeles,CA,90047,550,79037.19,0.1075,675,0.08,0.03,0.95
500819,160000,128000,360,311,360,Jackson,MS,39211,668,122334.35,0.07125,656,0.127,0.15,0.99
500820,68000,40000,180,41,360,Pocomoke City,MD,21851,608,35507.54,0.1,612,0.048,0.11,0.86
500821,82000,62411,180,36,180,Columbus,OH,43024,769,20012.2,0.0749,,0.013,0.07,0.83
500822,125000,25000,360,311,360,Garland,TX,75040,710,24292.94,0.0999,473,0.023,0.04,0.94
500823,206000,133900,360,318,360,Porterville,CA,93257,536,130742.93,0.08,458,0.056,0.14,0.97
500824,244000,145000,366,315,480,Bolingbrook,IL,60440,569,155185.52,0.02,536,0.028,0.12,0.83
500825,125000,100000,360,311,360,Garland,TX,75040,710,96547.83,0.08495,473,0.019,0.1,0.95
500826,370000,195000,360,344,360,Orlando,FL,32824,562,194999.99,0.1025,510,0.021,0.13,0.79
500827,218000,190000,366,316,336,Red Bluff,CA,96080,488,218789.2,0.02,512,0.046,0.09,0.85
500828,170000,32255,360,323,480,Cathlamet,WA,98612,576,32136.67,0.11999,475,0.116,0.06,0.83
500829,295000,221250,360,328,540,Stockton,CA,95204,620,219349.84,0.07125,551,0.102,0.13,0.75
500830,68000,57800,360,304,360,Dayton,OH,45408,,55704.61,0.092,725,0.049,0.08,0.6
500831,442000,402812,360,339,360,Alhambra,CA,91801,,392549.98,0.05,762,0.075,0.01,0.92
500832,105000,78500,360,305,360,Cincinnati,OH,45215,,75551.26,0.088,546,0.09,0.02,0.95
500833,183500,50000,360,308,540,Saint Charles,MO,63303,570,49380.02,0.0775,590,0.005,0,1
500834,166380,133100,360,308,360,Springtown,TX,76082,,126919.61,0.0725,494,0.005,0,1
500835,620000,434000,360,291,360,Los Angeles (Winnetka Are,CA,91306,,397676.69,0.0575,605,0.019,0.02,0.97
500836,138000,110400,360,325,540,Waterford,MI,48327,,109305.55,0.0699,654,0.042,0.05,0.87
500837,129000,96700,360,173,0,Los Angeles,CA,90047,550,79037.19,0.1075,675,0.032,0.12,0.82
500838,160000,128000,360,311,360,Jackson,MS,39211,668,122334.35,0.07125,656,0.08,0.03,0.95
500839,68000,40000,180,41,360,Pocomoke City,MD,21851,608,35507.54,0.1,612,0.127,0.15,0.99
500840,82000,62411,180,36,180,Columbus,OH,43024,769,20012.2,0.0749,,0.048,0.11,0.86
500841,125000,25000,360,311,360,Garland,TX,75040,710,24292.94,0.0999,473,0.013,0.07,0.83
500842,206000,133900,360,318,360,Porterville,CA,93257,536,130742.93,0.08,458,0.023,0.04,0.94
500843,244000,145000,366,315,480,Bolingbrook,IL,60440,569,155185.52,0.02,536,0.056,0.14,0.97
500844,125000,100000,360,311,360,Garland,TX,75040,710,96547.83,0.08495,473,0.028,0.12,0.83
500845,370000,195000,360,344,360,Orlando,FL,32824,562,194999.99,0.1025,510,0.019,0.1,0.95
500846,218000,190000,366,316,336,Red Bluff,CA,96080,488,218789.2,0.02,512,0.021,0.13,0.79
500847,170000,32255,360,323,480,Cathlamet,WA,98612,576,32136.67,0.11999,475,0.046,0.09,0.85
500848,295000,221250,360,328,540,Stockton,CA,95204,620,219349.84,0.07125,551,0.116,0.06,0.83
500849,68000,57800,360,304,360,Dayton,OH,45408,,55704.61,0.092,725,0.102,0.13,0.75
500850,442000,402812,360,339,360,Alhambra,CA,91801,,392549.98,0.05,762,0.049,0.08,0.6
500851,105000,78500,360,305,360,Cincinnati,OH,45215,,75551.26,0.088,546,0.075,0.01,0.92
500852,183500,50000,360,308,540,Saint Charles,MO,63303,570,49380.02,0.0775,590,0.09,0.02,0.95
500853,166380,133100,360,308,360,Springtown,TX,76082,,126919.61,0.0725,494,0.005,0,1
500854,620000,434000,360,291,360,Los Angeles (Winnetka Are,CA,91306,,397676.69,0.0575,605,0.005,0,1
500855,138000,110400,360,325,540,Waterford,MI,48327,,109305.55,0.0699,654,0.019,0.02,0.97
500856,129000,96700,360,173,0,Los Angeles,CA,90047,550,79037.19,0.1075,675,0.042,0.05,0.87
500857,160000,128000,360,311,360,Jackson,MS,39211,668,122334.35,0.07125,656,0.032,0.12,0.82
500858,68000,40000,180,41,360,Pocomoke City,MD,21851,608,35507.54,0.1,612,0.08,0.03,0.95
500859,82000,62411,180,36,180,Columbus,OH,43024,769,20012.2,0.0749,,0.127,0.15,0.99
500860,125000,25000,360,311,360,Garland,TX,75040,710,24292.94,0.0999,473,0.048,0.11,0.86
500861,206000,133900,360,318,360,Porterville,CA,93257,536,130742.93,0.08,458,0.013,0.07,0.83
500862,244000,145000,366,315,480,Bolingbrook,IL,60440,569,155185.52,0.02,536,0.023,0.04,0.94
500863,125000,100000,360,311,360,Garland,TX,75040,710,96547.83,0.08495,473,0.056,0.14,0.97
500864,370000,195000,360,344,360,Orlando,FL,32824,562,194999.99,0.1025,510,0.028,0.12,0.83
500865,218000,190000,366,316,336,Red Bluff,CA,96080,488,218789.2,0.02,512,0.019,0.1,0.95
500866,170000,32255,360,323,480,Cathlamet,WA,98612,576,32136.67,0.11999,475,0.021,0.13,0.79
500867,295000,221250,360,328,540,Stockton,CA,95204,620,219349.84,0.07125,551,0.046,0.09,0.85
500868,68000,57800,360,304,360,Dayton,OH,45408,,55704.61,0.092,725,0.116,0.06,0.83
500869,442000,402812,360,339,360,Alhambra,CA,91801,,392549.98,0.05,762,0.102,0.13,0.75
500870,105000,78500,360,305,360,Cincinnati,OH,45215,,75551.26,0.088,546,0.049,0.08,0.6
500871,183500,50000,360,308,540,Saint Charles,MO,63303,570,49380.02,0.0775,590,0.075,0.01,0.92
500872,166380,133100,360,308,360,Springtown,TX,76082,,126919.61,0.0725,494,0.09,0.02,0.95
500873,620000,434000,360,291,360,Los Angeles (Winnetka Are,CA,91306,,397676.69,0.0575,605,0.005,0,1
500874,138000,110400,360,325,540,Waterford,MI,48327,,109305.55,0.0699,654,0.005,0,1
500875,129000,96700,360,173,0,Los Angeles,CA,90047,550,79037.19,0.1075,675,0.019,0.02,0.97
500876,160000,128000,360,311,360,Jackson,MS,39211,668,122334.35,0.07125,656,0.042,0.05,0.87
500877,68000,40000,180,41,360,Pocomoke City,MD,21851,608,35507.54,0.1,612,0.032,0.12,0.82
500878,82000,62411,180,36,180,Columbus,OH,43024,769,20012.2,0.0749,,0.08,0.03,0.95
500879,125000,25000,360,311,360,Garland,TX,75040,710,24292.94,0.0999,473,0.127,0.15,0.99
500880,206000,133900,360,318,360,Porterville,CA,93257,536,130742.93,0.08,458,0.048,0.11,0.86
500881,244000,145000,366,315,480,Bolingbrook,IL,60440,569,155185.52,0.02,536,0.013,0.07,0.83
500882,125000,100000,360,311,360,Garland,TX,75040,710,96547.83,0.08495,473,0.023,0.04,0.94
500883,370000,195000,360,344,360,Orlando,FL,32824,562,194999.99,0.1025,510,0.056,0.14,0.97
500884,218000,190000,366,316,336,Red Bluff,CA,96080,488,218789.2,0.02,512,0.028,0.12,0.83
500885,170000,32255,360,323,480,Cathlamet,WA,98612,576,32136.67,0.11999,475,0.019,0.1,0.95
500886,295000,221250,360,328,540,Stockton,CA,95204,620,219349.84,0.07125,551,0.021,0.13,0.79
500887,68000,57800,360,304,360,Dayton,OH,45408,,55704.61,0.092,725,0.046,0.09,0.85
500888,442000,402812,360,339,360,Alhambra,CA,91801,,392549.98,0.05,762,0.116,0.06,0.83
500889,105000,78500,360,305,360,Cincinnati,OH,45215,,75551.26,0.088,546,0.102,0.13,0.75
500890,183500,50000,360,308,540,Saint Charles,MO,63303,570,49380.02,0.0775,590,0.049,0.08,0.6
500891,166380,133100,360,308,360,Springtown,TX,76082,,126919.61,0.0725,494,0.075,0.01,0.92
500892,620000,434000,360,291,360,Los Angeles (Winnetka Are,CA,91306,,397676.69,0.0575,605,0.09,0.02,0.95
500893,138000,110400,360,325,540,Waterford,MI,48327,,109305.55,0.0699,654,0.005,0,1
500894,129000,96700,360,173,0,Los Angeles,CA,90047,550,79037.19,0.1075,675,0.005,0,1
500895,160000,128000,360,311,360,Jackson,MS,39211,668,122334.35,0.07125,656,0.019,0.02,0.97
500896,68000,40000,180,41,360,Pocomoke City,MD,21851,608,35507.54,0.1,612,0.042,0.05,0.87
500897,82000,62411,180,36,180,Columbus,OH,43024,769,20012.2,0.0749,,0.032,0.12,0.82
500898,125000,25000,360,311,360,Garland,TX,75040,710,24292.94,0.0999,473,0.08,0.03,0.95
500899,206000,133900,360,318,360,Porterville,CA,93257,536,130742.93,0.08,458,0.127,0.15,0.99
500900,244000,145000,366,315,480,Bolingbrook,IL,60440,569,155185.52,0.02,536,0.048,0.11,0.86
500901,125000,100000,360,311,360,Garland,TX,75040,710,96547.83,0.08495,473,0.013,0.07,0.83
500902,370000,195000,360,344,360,Orlando,FL,32824,562,194999.99,0.1025,510,0.023,0.04,0.94
500903,218000,190000,366,316,336,Red Bluff,CA,96080,488,218789.2,0.02,512,0.056,0.14,0.97
500904,170000,32255,360,323,480,Cathlamet,WA,98612,576,32136.67,0.11999,475,0.028,0.12,0.83
500905,295000,221250,360,328,540,Stockton,CA,95204,620,219349.84,0.07125,551,0.019,0.1,0.95
500906,68000,57800,360,304,360,Dayton,OH,45408,,55704.61,0.092,725,0.021,0.13,0.79
500907,442000,402812,360,339,360,Alhambra,CA,91801,,392549.98,0.05,762,0.046,0.09,0.85
500908,105000,78500,360,305,360,Cincinnati,OH,45215,,75551.26,0.088,546,0.116,0.06,0.83
500909,183500,50000,360,308,540,Saint Charles,MO,63303,570,49380.02,0.0775,590,0.102,0.13,0.75
500910,166380,133100,360,308,360,Springtown,TX,76082,,126919.61,0.0725,494,0.049,0.08,0.6
500911,620000,434000,360,291,360,Los Angeles (Winnetka Are,CA,91306,,397676.69,0.0575,605,0.075,0.01,0.92
500912,138000,110400,360,325,540,Waterford,MI,48327,,109305.55,0.0699,654,0.09,0.02,0.95
500913,129000,96700,360,173,0,Los Angeles,CA,90047,550,79037.19,0.1075,675,0.005,0,1
500914,160000,128000,360,311,360,Jackson,MS,39211,668,122334.35,0.07125,656,0.005,0,1
500915,68000,40000,180,41,360,Pocomoke City,MD,21851,608,35507.54,0.1,612,0.019,0.02,0.97
500916,82000,62411,180,36,180,Columbus,OH,43024,769,20012.2,0.0749,,0.042,0.05,0.87
500917,125000,25000,360,311,360,Garland,TX,75040,710,24292.94,0.0999,473,0.032,0.12,0.82
500918,206000,133900,360,318,360,Porterville,CA,93257,536,130742.93,0.08,458,0.08,0.03,0.95
500919,244000,145000,366,315,480,Bolingbrook,IL,60440,569,155185.52,0.02,536,0.127,0.15,0.99
500920,125000,100000,360,311,360,Garland,TX,75040,710,96547.83,0.08495,473,0.048,0.11,0.86
500921,370000,195000,360,344,360,Orlando,FL,32824,562,194999.99,0.1025,510,0.013,0.07,0.83
500922,218000,190000,366,316,336,Red Bluff,CA,96080,488,218789.2,0.02,512,0.023,0.04,0.94
500923,170000,32255,360,323,480,Cathlamet,WA,98612,576,32136.67,0.11999,475,0.056,0.14,0.97
500924,295000,221250,360,328,540,Stockton,CA,95204,620,219349.84,0.07125,551,0.028,0.12,0.83
500925,68000,57800,360,304,360,Dayton,OH,45408,,55704.61,0.092,725,0.019,0.1,0.95
500926,442000,402812,360,339,360,Alhambra,CA,91801,,392549.98,0.05,762,0.021,0.13,0.79
500927,105000,78500,360,305,360,Cincinnati,OH,45215,,75551.26,0.088,546,0.046,0.09,0.85
500928,183500,50000,360,308,540,Saint Charles,MO,63303,570,49380.02,0.0775,590,0.116,0.06,0.83
500929,166380,133100,360,308,360,Springtown,TX,76082,,126919.61,0.0725,494,0.102,0.13,0.75
500930,620000,434000,360,291,360,Los Angeles (Winnetka Are,CA,91306,,397676.69,0.0575,605,0.049,0.08,0.6
500931,138000,110400,360,325,540,Waterford,MI,48327,,109305.55,0.0699,654,0.075,0.01,0.92
500932,129000,96700,360,173,0,Los Angeles,CA,90047,550,79037.19,0.1075,675,0.09,0.02,0.95
500933,160000,128000,360,311,360,Jackson,MS,39211,668,122334.35,0.07125,656,0.005,0,1
500934,68000,40000,180,41,360,Pocomoke City,MD,21851,608,35507.54,0.1,612,0.005,0,1
500935,82000,62411,180,36,180,Columbus,OH,43024,769,20012.2,0.0749,,0.019,0.02,0.97
500936,125000,25000,360,311,360,Garland,TX,75040,710,24292.94,0.0999,473,0.042,0.05,0.87
500937,206000,133900,360,318,360,Porterville,CA,93257,536,130742.93,0.08,458,0.032,0.12,0.82
500938,244000,145000,366,315,480,Bolingbrook,IL,60440,569,155185.52,0.02,536,0.08,0.03,0.95
500939,125000,100000,360,311,360,Garland,TX,75040,710,96547.83,0.08495,473,0.127,0.15,0.99
500940,370000,195000,360,344,360,Orlando,FL,32824,562,194999.99,0.1025,510,0.048,0.11,0.86
500941,218000,190000,366,316,336,Red Bluff,CA,96080,488,218789.2,0.02,512,0.013,0.07,0.83
500942,170000,32255,360,323,480,Cathlamet,WA,98612,576,32136.67,0.11999,475,0.023,0.04,0.94
500943,295000,221250,360,328,540,Stockton,CA,95204,620,219349.84,0.07125,551,0.056,0.14,0.97
500944,68000,57800,360,304,360,Dayton,OH,45408,,55704.61,0.092,725,0.028,0.12,0.83
500945,442000,402812,360,339,360,Alhambra,CA,91801,,392549.98,0.05,762,0.019,0.1,0.95
500946,105000,78500,360,305,360,Cincinnati,OH,45215,,75551.26,0.088,546,0.021,0.13,0.79
500947,183500,50000,360,308,540,Saint Charles,MO,63303,570,49380.02,0.0775,590,0.046,0.09,0.85
500948,166380,133100,360,308,360,Springtown,TX,76082,,126919.61,0.0725,494,0.116,0.06,0.83
500949,620000,434000,360,291,360,Los Angeles (Winnetka Are,CA,91306,,397676.69,0.0575,605,0.102,0.13,0.75
500950,138000,110400,360,325,540,Waterford,MI,48327,,109305.55,0.0699,654,0.049,0.08,0.6
500951,129000,96700,360,173,0,Los Angeles,CA,90047,550,79037.19,0.1075,675,0.075,0.01,0.92
500952,160000,128000,360,311,360,Jackson,MS,39211,668,122334.35,0.07125,656,0.09,0.02,0.95
500953,68000,40000,180,41,360,Pocomoke City,MD,21851,608,35507.54,0.1,612,0.005,0,1
500954,82000,62411,180,36,180,Columbus,OH,43024,769,20012.2,0.0749,,0.005,0,1
500955,125000,25000,360,311,360,Garland,TX,75040,710,24292.94,0.0999,473,0.019,0.02,0.97
500956,206000,133900,360,318,360,Porterville,CA,93257,536,130742.93,0.08,458,0.042,0.05,0.87
500957,244000,145000,366,315,480,Bolingbrook,IL,60440,569,155185.52,0.02,536,0.032,0.12,0.82
500958,125000,100000,360,311,360,Garland,TX,75040,710,96547.83,0.08495,473,0.08,0.03,0.95
500959,370000,195000,360,344,360,Orlando,FL,32824,562,194999.99,0.1025,510,0.127,0.15,0.99
500960,218000,190000,366,316,336,Red Bluff,CA,96080,488,218789.2,0.02,512,0.048,0.11,0.86
500961,170000,32255,360,323,480,Cathlamet,WA,98612,576,32136.67,0.11999,475,0.013,0.07,0.83
500962,295000,221250,360,328,540,Stockton,CA,95204,620,219349.84,0.07125,551,0.023,0.04,0.94
500963,68000,57800,360,304,360,Dayton,OH,45408,,55704.61,0.092,725,0.056,0.14,0.97
500964,442000,402812,360,339,360,Alhambra,CA,91801,,392549.98,0.05,762,0.028,0.12,0.83
500965,105000,78500,360,305,360,Cincinnati,OH,45215,,75551.26,0.088,546,0.019,0.1,0.95
500966,183500,50000,360,308,540,Saint Charles,MO,63303,570,49380.02,0.0775,590,0.021,0.13,0.79
500967,166380,133100,360,308,360,Springtown,TX,76082,,126919.61,0.0725,494,0.046,0.09,0.85
500968,620000,434000,360,291,360,Los Angeles (Winnetka Are,CA,91306,,397676.69,0.0575,605,0.116,0.06,0.83
500969,138000,110400,360,325,540,Waterford,MI,48327,,109305.55,0.0699,654,0.102,0.13,0.75
500970,129000,96700,360,173,0,Los Angeles,CA,90047,550,79037.19,0.1075,675,0.049,0.08,0.6
500971,160000,128000,360,311,360,Jackson,MS,39211,668,122334.35,0.07125,656,0.075,0.01,0.92
500972,68000,40000,180,41,360,Pocomoke City,MD,21851,608,35507.54,0.1,612,0.09,0.02,0.95
500973,82000,62411,180,36,180,Columbus,OH,43024,769,20012.2,0.0749,,0.005,0,1
500974,125000,25000,360,311,360,Garland,TX,75040,710,24292.94,0.0999,473,0.005,0,1
500975,206000,133900,360,318,360,Porterville,CA,93257,536,130742.93,0.08,458,0.019,0.02,0.97
500976,244000,145000,366,315,480,Bolingbrook,IL,60440,569,155185.52,0.02,536,0.042,0.05,0.87
500977,125000,100000,360,311,360,Garland,TX,75040,710,96547.83,0.08495,473,0.032,0.12,0.82
500978,370000,195000,360,344,360,Orlando,FL,32824,562,194999.99,0.1025,510,0.08,0.03,0.95
500979,218000,190000,366,316,336,Red Bluff,CA,96080,488,218789.2,0.02,512,0.127,0.15,0.99
500980,170000,32255,360,323,480,Cathlamet,WA,98612,576,32136.67,0.11999,475,0.048,0.11,0.86
500981,295000,221250,360,328,540,Stockton,CA,95204,620,219349.84,0.07125,551,0.013,0.07,0.83
500982,68000,57800,360,304,360,Dayton,OH,45408,,55704.61,0.092,725,0.023,0.04,0.94
500983,442000,402812,360,339,360,Alhambra,CA,91801,,392549.98,0.05,762,0.056,0.14,0.97
500984,105000,78500,360,305,360,Cincinnati,OH,45215,,75551.26,0.088,546,0.028,0.12,0.83
500985,183500,50000,360,308,540,Saint Charles,MO,63303,570,49380.02,0.0775,590,0.019,0.1,0.95
500986,166380,133100,360,308,360,Springtown,TX,76082,,126919.61,0.0725,494,0.021,0.13,0.79
500987,620000,434000,360,291,360,Los Angeles (Winnetka Are,CA,91306,,397676.69,0.0575,605,0.046,0.09,0.85
500988,138000,110400,360,325,540,Waterford,MI,48327,,109305.55,0.0699,654,0.116,0.06,0.83
500989,129000,96700,360,173,0,Los Angeles,CA,90047,550,79037.19,0.1075,675,0.102,0.13,0.75
500990,160000,128000,360,311,360,Jackson,MS,39211,668,122334.35,0.07125,656,0.049,0.08,0.6
500991,68000,40000,180,41,360,Pocomoke City,MD,21851,608,35507.54,0.1,612,0.075,0.01,0.92
500992,82000,62411,180,36,180,Columbus,OH,43024,769,20012.2,0.0749,,0.09,0.02,0.95
500993,125000,25000,360,311,360,Garland,TX,75040,710,24292.94,0.0999,473,0.005,0,1
500994,206000,133900,360,318,360,Porterville,CA,93257,536,130742.93,0.08,458,0.005,0,1
500995,244000,145000,366,315,480,Bolingbrook,IL,60440,569,155185.52,0.02,536,0.019,0.02,0.97
500996,125000,100000,360,311,360,Garland,TX,75040,710,96547.83,0.08495,473,0.042,0.05,0.87
500997,370000,195000,360,344,360,Orlando,FL,32824,562,194999.99,0.1025,510,0.032,0.12,0.82
500998,218000,190000,366,316,336,Red Bluff,CA,96080,488,218789.2,0.02,512,0.08,0.03,0.95
500999,170000,32255,360,323,480,Cathlamet,WA,98612,576,32136.67,0.11999,475,0.127,0.15,0.99
501000,295000,221250,360,328,540,Stockton,CA,95204,620,219349.84,0.07125,551,0.048,0.11,0.86
501001,68000,57800,360,304,360,Dayton,OH,45408,,55704.61,0.092,725,0.013,0.07,0.83
501002,442000,402812,360,339,360,Alhambra,CA,91801,,392549.98,0.05,762,0.023,0.04,0.94
501003,105000,78500,360,305,360,Cincinnati,OH,45215,,75551.26,0.088,546,0.056,0.14,0.97
501004,183500,50000,360,308,540,Saint Charles,MO,63303,570,49380.02,0.0775,590,0.028,0.12,0.83
501005,166380,133100,360,308,360,Springtown,TX,76082,,126919.61,0.0725,494,0.019,0.1,0.95
501006,620000,434000,360,291,360,Los Angeles (Winnetka Are,CA,91306,,397676.69,0.0575,605,0.021,0.13,0.79
501007,138000,110400,360,325,540,Waterford,MI,48327,,109305.55,0.0699,654,0.046,0.09,0.85
501008,129000,96700,360,173,0,Los Angeles,CA,90047,550,79037.19,0.1075,675,0.116,0.06,0.83
501009,160000,128000,360,311,360,Jackson,MS,39211,668,122334.35,0.07125,656,0.102,0.13,0.75
501010,68000,40000,180,41,360,Pocomoke City,MD,21851,608,35507.54,0.1,612,0.049,0.08,0.6
501011,82000,62411,180,36,180,Columbus,OH,43024,769,20012.2,0.0749,,0.075,0.01,0.92
